/* Generated by tools/voice/generate_stage_progress.py; see asset receipts. */
static const uint8_t search_zh[] = {
    0x00,0x00,0x00,0x00,0x09,0x01,0x09,0x00,0x00,0x18,0x80,0x98,0x10,0x90,0x10,0x88,0x09,0x00,0x08,0x00,
    0x08,0x01,0x88,0x08,0x99,0x02,0x19,0x00,0xa9,0x12,0x98,0x01,0x19,0xa0,0x11,0x00,0x1a,0x08,0x81,0x09,
    0x01,0x09,0x90,0x01,0x00,0x00,0x00,0x00,0x18,0x00,0x00,0x98,0x00,0x81,0x88,0x98,0x18,0x80,0x09,0x81,
    0x19,0x08,0x80,0x09,0x10,0x90,0x00,0x91,0x10,0x80,0x08,0x08,0x09,0x00,0x81,0x98,0x19,0x91,0x10,0x09,
    0x81,0x90,0x19,0x08,0x01,0x89,0x01,0x09,0x10,0x00,0x88,0x88,0x98,0x81,0x90,0x08,0x81,0x80,0x09,0x19,
    0x00,0x10,0x98,0x10,0x09,0x10,0x00,0x09,0x18,0x98,0x81,0x09,0x00,0x00,0x00,0x10,0x98,0x08,0x80,0x00,
    0x10,0x98,0x10,0x08,0x08,0x88,0x00,0x00,0x00,0x00,0x00,0x99,0x88,0x90,0x09,0x88,0xa9,0x90,0x99,0x99,
    0x09,0x11,0x20,0x42,0x42,0x82,0x42,0x93,0x30,0xcb,0xc9,0x8d,0xa0,0x28,0x11,0x35,0x10,0x24,0x10,0x53,
    0x89,0x04,0x8e,0xd1,0x5a,0xd9,0x20,0xad,0xb8,0x8f,0xb9,0x9a,0xaa,0x09,0x20,0x54,0x42,0x33,0x53,0x32,
    0x42,0x22,0x43,0x23,0x33,0x01,0xa0,0xbc,0xbd,0xbe,0xaa,0xad,0xba,0x9c,0xa9,0x89,0x99,0x02,0x30,0x33,
    0x22,0x14,0x19,0xe8,0xfb,0xcb,0xcc,0xbc,0xbb,0xac,0x8a,0x0a,0x12,0x57,0x43,0x45,0x42,0x32,0x22,0x02,
    0x80,0xa9,0xca,0xba,0xbb,0xab,0xab,0xa8,0x89,0x99,0xac,0xcc,0xbc,0xcd,0xcc,0xbc,0xad,0xac,0xbb,0xcc,
    0xaa,0x9a,0x43,0x73,0x26,0x43,0x23,0x33,0x80,0x81,0xbb,0xda,0x9c,0xa9,0x0a,0xb9,0x09,0xcc,0x98,0x9d,
    0x88,0x39,0x24,0x64,0x23,0x43,0x11,0x02,0x9a,0xd9,0xab,0xdb,0x9a,0xaa,0x98,0x99,0xc9,0xba,0xdc,0xba,
    0xbb,0xaa,0x9a,0x88,0x74,0x43,0x36,0x43,0x24,0x32,0x11,0x00,0xaa,0xba,0xad,0xaa,0x9c,0xb9,0x9a,0xcb,
    0x9a,0xab,0x00,0x60,0x34,0x46,0x42,0x33,0x33,0x01,0xb1,0xbe,0xfb,0xaa,0xab,0x9a,0x9a,0x98,0xaa,0xda,
    0xbb,0xcc,0x9b,0x08,0x56,0x53,0x25,0x33,0x13,0x11,0xa8,0xab,0xbd,0xaa,0x8a,0x80,0x08,0xa8,0xda,0xcc,
    0xba,0x99,0x21,0x55,0x34,0x53,0x12,0x02,0x08,0xc9,0x9a,0xbc,0xb9,0x9b,0xda,0x99,0xbc,0xca,0xbb,0xba,
    0xaa,0x89,0x8a,0x30,0x67,0x44,0x44,0x23,0x24,0x01,0x91,0xaa,0xcb,0xaa,0x9b,0x88,0x88,0xa9,0xcb,0xbd,
    0x9c,0x89,0x52,0x44,0x34,0x24,0x12,0x00,0xb9,0xab,0xad,0x99,0x8b,0xb9,0xac,0xcd,0xbb,0xbc,0xaa,0x89,
    0x08,0x00,0xa8,0x9b,0x71,0x46,0x45,0x24,0x33,0x12,0x90,0xba,0xcc,0x9a,0x8a,0x00,0x00,0xa8,0xbc,0xbd,
    0x9c,0x08,0x43,0x45,0x14,0x22,0x81,0x08,0x9a,0x98,0x1a,0xb9,0xcb,0xce,0xdb,0xab,0xab,0x0a,0x88,0x10,
    0xc9,0xcb,0xbd,0x9a,0x71,0x45,0x34,0x24,0x12,0x90,0xb9,0xab,0x9b,0x29,0x21,0x81,0xdb,0xdd,0xbb,0x99,
    0x38,0x44,0x34,0x23,0x01,0xa8,0x09,0x89,0x35,0x20,0xb3,0xbd,0xdf,0x9a,0x9b,0x08,0x28,0x11,0x98,0xfa,
    0xbb,0xcb,0x89,0x20,0x65,0x43,0x33,0x23,0x11,0x89,0xa9,0x0a,0x90,0x08,0xc9,0xcd,0xcc,0xaa,0x8a,0x12,
    0x62,0x22,0x12,0x81,0x10,0x08,0x37,0x41,0x12,0xa8,0xbd,0xbe,0xba,0x0b,0x98,0x21,0x99,0xd9,0xbc,0xbc,
    0x8b,0xa0,0x48,0x02,0x74,0x24,0x44,0x22,0x12,0x80,0xb0,0xab,0xb9,0x9b,0xaa,0xbc,0xbd,0xba,0x8b,0x43,
    0x73,0x23,0x14,0x01,0x01,0x11,0x70,0x01,0x80,0xac,0xec,0x9a,0x9a,0x88,0x00,0xaa,0xb8,0xbb,0xad,0x99,
    0xaa,0x9d,0xba,0x3a,0x77,0x25,0x34,0x12,0x00,0x99,0xa9,0x08,0x80,0x99,0xdb,0xbd,0xbb,0x09,0x30,0x26,
    0x21,0x82,0x10,0x28,0x37,0x32,0x23,0xc9,0xbd,0xcb,0x9a,0x88,0xb8,0xca,0xcc,0xaa,0x08,0x10,0x81,0xfb,
    0xbc,0x9c,0x8a,0x32,0x67,0x23,0x33,0x11,0x80,0x88,0x00,0x08,0xc9,0xbd,0xad,0xaa,0x00,0x20,0x02,0x10,
    0x28,0x52,0x26,0x52,0x81,0x00,0x89,0x98,0x9a,0xe9,0xac,0xdb,0x99,0x8a,0xa0,0x0a,0x99,0x99,0xca,0xae,
    0xeb,0x99,0x0a,0x11,0x67,0x33,0x24,0x12,0x00,0x80,0x80,0x89,0xc9,0xeb,0xab,0xa9,0x08,0x20,0x80,0x20,
    0x62,0x43,0x24,0x11,0x00,0x00,0x18,0x80,0xfa,0xbc,0xad,0xa9,0x89,0xaa,0xc9,0xab,0xaa,0x01,0xc8,0xbb,
    0xef,0xb9,0x0a,0x80,0x73,0x37,0x32,0x22,0x01,0x18,0x02,0x98,0xdb,0xdb,0xab,0x90,0x89,0xaa,0x9a,0x30,
    0x67,0x21,0x01,0x00,0x01,0x43,0xa8,0xab,0xdb,0x98,0x0a,0xf9,0x8b,0x9a,0x80,0x98,0xe9,0x9a,0x88,0x29,
    0xdd,0xcb,0xac,0x80,0x51,0x64,0x22,0x22,0x11,0x02,0x13,0xa1,0xac,0x9c,0x9c,0x8a,0xc9,0xbb,0x09,0x12,
    0x45,0x21,0x00,0x54,0x11,0x82,0xc0,0x8a,0x19,0x89,0xbc,0xfa,0x0a,0x28,0xa9,0xba,0xbb,0x2a,0x31,0xfa,
    0xfb,0xba,0x8b,0x9a,0xaa,0x71,0x47,0x22,0x12,0x10,0x12,0x14,0x99,0xbb,0x9c,0x89,0xa8,0xcd,0xaa,0x18,
    0x32,0x21,0x91,0x73,0x25,0x83,0x98,0xd8,0x48,0x08,0xb9,0xac,0x98,0x4a,0xd0,0xaa,0x99,0x01,0x1a,0xc0,
    0xbc,0xb8,0xd9,0xad,0x0a,0x89,0x57,0x33,0x31,0x30,0x03,0x35,0x81,0x9a,0x8c,0xb0,0xa9,0xdb,0x9c,0x8b,
    0x82,0x18,0x10,0x70,0x23,0x07,0x88,0x00,0x19,0x81,0xa8,0xbd,0x09,0x0a,0xc9,0xcb,0xca,0x00,0x08,0xa9,
    0xba,0xc8,0xc0,0xdb,0x9d,0xa9,0x20,0x57,0x21,0x11,0x12,0x23,0x34,0x01,0x89,0x08,0x91,0x88,0xfa,0x9c,
    0x89,0x98,0x89,0x88,0x29,0x25,0x04,0x09,0x88,0x30,0x04,0xd9,0x9b,0x88,0x80,0xc0,0xae,0x8a,0x09,0xbb,
    0xc7,0x80,0x0b,0x29,0xbb,0xf9,0xa8,0x9a,0x28,0x08,0x03,0x13,0x02,0x74,0x22,0x23,0x42,0x23,0x44,0x21,
    0x10,0x10,0x81,0x80,0x80,0xb0,0x0a,0x10,0x2c,0x08,0x98,0x96,0x95,0x98,0x21,0x88,0xdb,0xc8,0x9c,0xcb,
    0xaa,0xf9,0xca,0x9a,0x99,0xeb,0xb9,0xbb,0x9b,0x9d,0xba,0xba,0x91,0x23,0x61,0x21,0x24,0x34,0x53,0x23,
    0x32,0x42,0x22,0x12,0x02,0x02,0x20,0x48,0x28,0x03,0x07,0x82,0x40,0x18,0x21,0x80,0x98,0x9c,0x99,0xbc,
    0x0a,0xe9,0xb9,0x8c,0xdd,0xa0,0x0b,0x9f,0xaa,0x9a,0xb9,0xe0,0x8a,0x2a,0x2a,0x4b,0xb3,0x87,0x31,0x58,
    0x28,0x10,0xc1,0x94,0x03,0x89,0x89,0x80,0x91,0x07,0x88,0x30,0x40,0x18,0x90,0x95,0x11,0x29,0xc9,0xc4,
    0x11,0x30,0xc9,0x28,0x39,0xbc,0x1b,0xea,0xa0,0xc0,0xa9,0x18,0xca,0xb8,0xac,0x05,0x41,0xb9,0x99,0x37,
    0x01,0x9e,0x85,0x3c,0xeb,0xff,0x0f,0x00,0x93,0x3b,0xb8,0xb1,0x82,0x37,0x0f,0x01,0x3a,0xe9,0x02,0x29,
    0xa1,0x90,0x87,0x0a,0x58,0x5a,0xc8,0x94,0x29,0x1a,0x91,0x91,0x1b,0xf1,0xb4,0xb3,0xf4,0x04,0x39,0x9f,
    0x73,0xa8,0x89,0x2a,0x19,0x92,0xc1,0x01,0x01,0xa0,0x1c,0x58,0x08,0x99,0x80,0xa2,0x85,0x3b,0xb8,0x30,
    0x28,0xb0,0x98,0x79,0x1c,0x58,0xc1,0xf2,0x21,0x0a,0x88,0x82,0x19,0x82,0xf3,0x4b,0x5a,0x1d,0x7a,0x1a,
    0x90,0xb1,0x12,0x09,0x1c,0x92,0x88,0x2a,0x7a,0x08,0x1a,0xd8,0x82,0x28,0xa1,0x80,0x6b,0x1a,0x5d,0x1a,
    0xb1,0x82,0x08,0x0a,0x21,0xd2,0x01,0x3d,0x48,0x3b,0x8d,0x01,0x89,0xa3,0xf1,0x93,0x13,0x1e,0x08,0x01,
    0xd0,0xa1,0x21,0x7a,0x1b,0x2b,0xa2,0xc2,0x91,0xf1,0xa4,0xb4,0xa2,0x28,0x09,0x6c,0x89,0xb2,0x93,0x19,
    0x3c,0x90,0xe3,0x11,0x98,0x03,0x2c,0x0c,0xb4,0x92,0x39,0xa1,0x2b,0x98,0x59,0x5c,0xb8,0x42,0x3c,0xab,
    0x96,0xb1,0x30,0x39,0x2b,0xda,0xd7,0x82,0x81,0x3a,0x1c,0x00,0x48,0x9a,0x4a,0xb8,0xb7,0xb2,0x21,0x3b,
    0x2c,0x80,0xf2,0x01,0x08,0x90,0xb1,0x20,0x00,0x6c,0x39,0x3f,0x19,0x9a,0x6b,0xb1,0xc5,0x82,0x88,0x49,
    0x3c,0x0b,0x82,0x91,0x0a,0x5a,0x5a,0x89,0x89,0x82,0x02,0x88,0xac,0xb3,0x97,0xb1,0x29,0x12,0x08,0xf0,
    0x81,0x80,0x58,0x8c,0x08,0x84,0x90,0x4c,0x5c,0x2c,0x08,0x90,0x90,0x84,0x3a,0x2c,0x0b,0xe3,0x83,0x88,
    0x30,0x6d,0x0b,0x09,0x00,0x91,0xd2,0x01,0x92,0x91,0xb1,0x12,0x9a,0x4f,0x99,0x02,0x91,0xf8,0xa4,0xb2,
    0x11,0x39,0x89,0x18,0xb6,0x2b,0xd4,0xb1,0x40,0x22,0x1f,0xb9,0xa7,0xa3,0x28,0x4d,0x88,0x89,0xa0,0x93,
    0xb3,0x2a,0x3b,0x6a,0x9c,0x93,0x96,0xa3,0xa0,0x18,0x80,0x1c,0x5b,0x2a,0x88,0x23,0x3f,0x1a,0xa1,0xea,
    0x94,0x82,0x09,0x38,0x1a,0xaa,0x50,0xc1,0xb6,0x20,0xb8,0xc2,0x80,0x30,0xf1,0xc4,0x21,0x0a,0x8a,0xb3,
    0x96,0x10,0x2b,0x19,0x2a,0xb9,0x91,0x29,0x58,0xb2,0x0c,0x12,0xc1,0xe4,0x12,0x3a,0x38,0xab,0xd5,0x03,
    0x80,0x29,0x4d,0x2a,0x19,0xcb,0x12,0xc4,0x81,0x18,0x1a,0x0a,0x0e,0xb3,0xd2,0x3b,0x08,0x2d,0xea,0xa8,
    0x19,0x81,0x99,0x78,0x25,0x21,0x10,0x52,0x13,0x00,0x1b,0x83,0x81,0xf1,0x89,0x2f,0x98,0xab,0x89,0x93,
    0xa9,0x19,0x8d,0xb9,0xbc,0xad,0xc1,0xae,0xa9,0xab,0xac,0x59,0x46,0x22,0x38,0x16,0x31,0x80,0xa1,0x2a,
    0xd1,0xbb,0x9c,0x81,0x8b,0xb8,0x79,0x91,0x13,0x59,0x04,0x60,0x98,0x80,0x19,0xc8,0x9b,0xca,0xaa,0xbc,
    0xb9,0x0a,0xea,0x98,0x8a,0xb8,0x4b,0x77,0x13,0x11,0x22,0x33,0x92,0xac,0x99,0xb8,0xbf,0x89,0x00,0x98,
    0x89,0x41,0x25,0x08,0x01,0x73,0x93,0x8b,0x19,0x81,0xbc,0xe9,0x00,0xb8,0xdb,0x0b,0x91,0xbc,0x8d,0x00,
    0x9d,0xab,0x58,0x37,0x03,0x21,0x53,0x11,0xa8,0xaa,0x99,0xf0,0x9b,0x08,0x81,0x89,0x18,0x35,0x14,0x99,
    0x32,0x25,0xbc,0xa0,0x49,0xb8,0xaa,0x2e,0x83,0xbb,0x99,0x91,0xed,0xa9,0x09,0xb8,0xbd,0x8d,0x22,0x47,
    0x11,0x22,0x42,0x02,0x99,0xba,0xa8,0xbe,0xaa,0x10,0x80,0x88,0x61,0x23,0x20,0x10,0x14,0x89,0xf2,0x0b,
    0x98,0x88,0x0b,0x82,0x08,0xd9,0x13,0xcd,0xbd,0x89,0xca,0xac,0xb8,0x8e,0x89,0x57,0x22,0x02,0x32,0x13,
    0xc0,0xab,0xa9,0xeb,0xba,0x18,0x01,0x01,0x48,0x24,0x14,0x08,0x11,0x21,0xf9,0x0f,0x00,0x99,0x89,0x12,
    0x11,0xb9,0x30,0x92,0xdf,0x8a,0x99,0xb9,0xca,0xbc,0x10,0x70,0x36,0x12,0x21,0x33,0x90,0xcb,0xbb,0xca,
    0xda,0x8a,0x21,0x11,0x10,0x73,0x22,0x91,0x08,0x02,0xcc,0xa9,0x9a,0xa9,0x11,0x7a,0x01,0x01,0x08,0x92,
    0xec,0xb9,0xad,0x9a,0xc8,0xbc,0xab,0x21,0x74,0x27,0x11,0x20,0x03,0xa9,0xba,0xcb,0xaa,0xac,0x09,0x43,
    0x00,0x31,0x36,0x01,0x88,0x10,0xb8,0xda,0xad,0x10,0xa9,0x19,0x54,0x80,0x81,0x28,0xa2,0xfb,0x9d,0xa8,
    0xba,0xab,0xbb,0xdb,0x4a,0x75,0x15,0x10,0x20,0x02,0x99,0xac,0xaa,0x99,0xbc,0x19,0x34,0x00,0x30,0x35,
    0x02,0xa0,0x09,0xa3,0xfc,0x8b,0x10,0xa8,0x18,0x41,0x04,0x88,0x28,0x91,0xce,0xba,0xac,0xa9,0xbd,0xba,
    0xab,0x41,0x76,0x15,0x00,0x22,0x01,0x9a,0xbb,0xaa,0xcb,0xac,0x20,0x22,0x88,0x72,0x23,0x81,0x08,0x01,
    0x90,0xdd,0x1b,0x92,0xbc,0x48,0x13,0x98,0x20,0x14,0xc0,0xbc,0xa9,0xfa,0x9b,0xb9,0xac,0x9b,0x21,0x77,
    0x05,0x00,0x22,0x81,0xa8,0xaa,0x9b,0xca,0xac,0x28,0x03,0x88,0x62,0x32,0x82,0x18,0x12,0x01,0xef,0x18,
    0xa0,0xaa,0x21,0x08,0x02,0x08,0x51,0xa0,0xdd,0x80,0xda,0x9a,0xb8,0x9d,0x0a,0x11,0x77,0x02,0x10,0x32,
    0x90,0x98,0xab,0xaa,0xeb,0xaa,0x21,0x98,0x18,0x35,0x13,0x28,0x53,0x82,0x0c,0x89,0xe9,0x19,0xaa,0x89,
    0x41,0xbb,0x34,0x80,0xb9,0xc0,0xcc,0xac,0xa9,0xdc,0x9c,0x01,0x79,0x25,0x10,0x31,0x04,0x08,0xa8,0x9a,
    0xba,0xad,0x9a,0x82,0x99,0x00,0x27,0x20,0x01,0x62,0x00,0x89,0x98,0x99,0x8a,0xfb,0x28,0x99,0x98,0x31,
    0xb9,0xa9,0xbc,0xcd,0xbb,0xda,0xcc,0x8a,0x21,0x75,0x03,0x21,0x34,0x81,0x28,0x89,0xb9,0xbb,0x9e,0xa0,
    0xaa,0x8b,0x01,0x01,0x48,0x27,0x22,0x00,0x63,0xa8,0x00,0x80,0xbd,0x01,0xac,0xa9,0x9a,0xcb,0xea,0x8b,
    0xa8,0xd9,0x9c,0x88,0x18,0x72,0x16,0x21,0x42,0x02,0x11,0x10,0x99,0xb8,0x9b,0xca,0xc9,0x8d,0xa9,0x08,
    0x9b,0x23,0x45,0x09,0x17,0x18,0x01,0x82,0x0a,0xa2,0x9c,0xab,0xeb,0xac,0xb9,0x9b,0xdb,0x99,0x99,0xbc,
    0x11,0x4b,0x77,0x80,0x21,0x24,0x88,0x12,0x01,0x00,0xb9,0x19,0x81,0xdd,0x8a,0x90,0x9a,0xac,0x22,0x82,
    0x89,0x26,0x28,0x23,0xba,0x70,0xa3,0x9e,0x12,0xbb,0x9b,0xa0,0xb9,0xb0,0x9a,0x89,0x99,0xc9,0x1f,0x37,
    0xaa,0x60,0x02,0x89,0x12,0x19,0x20,0xa2,0x2a,0x24,0xb8,0x18,0x81,0xa8,0xb9,0x60,0xa2,0x09,0x53,0x08,
    0x52,0xc9,0x49,0x84,0xcb,0x31,0x90,0x9c,0x88,0xd8,0x80,0xaa,0xac,0x13,0xdc,0x1a,0x93,0xac,0x20,0xaa,
    0x29,0xc1,0x8b,0x24,0xa9,0x11,0x22,0x10,0x01,0x01,0x80,0x12,0x55,0x32,0x66,0x12,0x31,0x34,0x33,0x13,
    0x20,0x34,0x80,0x00,0x01,0xfb,0x9c,0xba,0xca,0xaa,0xdb,0x9a,0x98,0xca,0x8c,0xa0,0xab,0x39,0xc0,0x0a,
    0x11,0x21,0x85,0xab,0x21,0xf9,0x0b,0x09,0x73,0xff,0x05,0x00,0x1a,0x21,0x52,0x34,0x22,0x55,0x13,0x31,
    0x24,0x31,0x33,0x26,0x01,0x00,0x22,0x81,0x2c,0x13,0xda,0xca,0xb9,0xac,0xc8,0xaf,0x88,0xa9,0x8b,0xa0,
    0x00,0x00,0x18,0x14,0x19,0x11,0x0a,0x12,0x98,0x80,0x12,0x89,0x10,0x01,0x13,0x10,0x00,0x00,0x80,0x09,
    0x82,0x00,0x20,0x01,0x10,0x01,0x08,0x10,0x99,0x00,0xa0,0x0b,0x00,0xa0,0x9b,0x01,0x09,0x80,0x10,0x11,
    0x81,0x10,0x91,0xa8,0x19,0x00,0x00,0x09,0x08,0x02,0x08,0x02,0x08,0x00,0x00,0x00,0x20,0x11,0x98,0x02,
    0x02,0x21,0x09,0x90,0xa2,0x99,0x00,0x98,0xaa,0x98,0x98,0x98,0x19,0x08,0x82,0x00,0x10,0x03,0x01,0x09,
    0x49,0x99,0x09,0x09,0x89,0x88,0x99,0x9a,0x02,0x90,0x91,0x80,0x10,0x00,0xa2,0x18,0xa8,0x10,0x92,0x09,
    0x92,0x88,0x99,0x80,0x89,0x89,0x09,0x00,0x00,0x00,0x00,0x19,0x10,0x01,0x80,0x08,0x02,0x10,0x1a,0xa9,
    0x80,0x01,0xb0,0x21,0xac,0x93,0x51,0x9a,0x20,0x09,0xc2,0x08,0x09,0xa3,0xd3,0x51,0xaa,0x59,0xa8,0x97,
    0x1a,0x49,0x80,0xeb,0x24,0x9a,0x2a,0x27,0xea,0x11,0xc5,0x09,0x50,0xb9,0x30,0xb3,0x2d,0x7d,0xa9,0x27,
    0xda,0x19,0x94,0x9a,0x61,0x99,0x09,0x03,0xab,0x14,0xb0,0x18,0x11,0x9a,0x04,0xa8,0x1a,0x23,0x0f,0x49,
    0xe4,0x18,0x20,0xac,0xa4,0x02,0x5f,0xb8,0xa3,0x78,0x0c,0x00,0x81,0x3c,0x91,0xa8,0x58,0xc0,0x00,0x11,
    0xaa,0x93,0x38,0x0b,0x82,0x4d,0xb8,0x93,0x7a,0x1b,0x90,0x83,0x1d,0x40,0xba,0x11,0x93,0xfb,0x87,0x09,
    0x18,0x09,0x4b,0x91,0x9a,0x96,0x80,0x3a,0xb0,0x18,0x12,0xda,0x93,0x68,0x2d,0xa0,0xb3,0x2a,0x97,0x0a,
    0x49,0xe1,0x82,0x80,0x2a,0x09,0xc6,0x10,0x19,0xf1,0x82,0xa2,0x2a,0x58,0xaa,0x00,0xa7,0x2a,0x3a,0xe1,
    0x02,0x19,0xa9,0x14,0x1e,0x81,0xc1,0x40,0xa9,0x19,0x96,0x8a,0x21,0xf2,0x10,0x00,0x2c,0x2a,0xc3,0x28,
    0x4d,0xd0,0x92,0x31,0x0e,0x91,0xa2,0x38,0x99,0x39,0x48,0x0e,0x91,0x01,0x2b,0x88,0x30,0x8c,0x18,0xc7,
    0x08,0x31,0xda,0x20,0xb3,0x4b,0x7a,0xaa,0x02,0x80,0x1b,0x94,0x88,0x6b,0xc0,0x10,0x81,0xc8,0x22,0x3d,
    0xb8,0xb7,0x11,0x98,0x18,0x18,0xbb,0x87,0xc2,0x29,0x11,0xba,0x81,0x84,0xc9,0x51,0x19,0x8c,0x05,0xa9,
    0x59,0x08,0x4d,0x18,0xe9,0x12,0xc0,0x28,0x82,0x9a,0x31,0xa8,0x5d,0xa9,0x82,0x81,0x88,0x13,0xfb,0x11,
    0x12,0x0f,0x10,0xd2,0x29,0x00,0xc8,0x12,0x91,0x2c,0x81,0xa1,0x18,0x00,0x39,0x9c,0x94,0x90,0x3e,0xc2,
    0x81,0x48,0xbb,0x06,0x88,0xa8,0x87,0x0b,0x38,0xc1,0x09,0x23,0x9d,0x11,0x98,0x7b,0xc2,0x19,0x14,0xdb,
    0x21,0xa2,0x0a,0x00,0xb9,0x95,0x10,0x3b,0x0a,0xa4,0x80,0xd0,0x53,0xb9,0x80,0x50,0x9a,0x01,0xa1,0x2a,
    0x98,0xc0,0x35,0x1d,0x0c,0x06,0xc8,0x38,0x08,0xc8,0x12,0x81,0xb8,0x18,0x15,0x0f,0x80,0xc2,0x58,0xa1,
    0x9a,0x32,0xa8,0x98,0x22,0xf1,0x39,0x01,0xbc,0x23,0xe1,0x48,0x08,0x9c,0x14,0xa8,0x38,0xc1,0x19,0x23,
    0xdc,0x30,0x81,0x0c,0x82,0xab,0x17,0xb9,0x39,0x03,0xc9,0x22,0x8b,0x12,0xb1,0xaf,0x27,0xd8,0x2a,0x03,
    0xa8,0x29,0x98,0x82,0x98,0x29,0x40,0x08,0xb1,0x0d,0x13,0x8c,0x09,0xf1,0x10,0x2b,0x63,0xa1,0x1d,0x05,
    0xc9,0x28,0x90,0x8b,0x41,0xa0,0xb9,0x63,0x12,0xcc,0x10,0x03,0x9d,0x12,0x12,0xac,0x89,0x62,0xa0,0xa9,
    0x18,0x34,0xec,0x4a,0x05,0xb9,0x39,0xa3,0x0b,0x81,0xbb,0x54,0xb0,0x19,0x15,0x9b,0x22,0xc0,0x9f,0x23,
    0xa0,0x18,0x86,0xab,0x20,0xb0,0x18,0x18,0x53,0xc0,0x8e,0x25,0xb9,0x0b,0x14,0xb9,0x19,0x34,0x80,0xab,
    0x13,0xaa,0xdc,0x21,0x28,0x81,0x44,0xe3,0x8e,0x33,0xb1,0x8d,0x11,0xaa,0x11,0x92,0x79,0x03,0xbd,0x39,
    0x03,0xab,0x32,0xba,0x8a,0x57,0x99,0x99,0x23,0x9d,0x19,0x16,0x8a,0x08,0xa4,0x8b,0x29,0xd2,0x30,0xba,
    0x10,0x47,0xa0,0x9d,0x33,0xc9,0x9b,0x63,0x82,0xab,0x19,0x22,0xc8,0x68,0xa1,0x8b,0x11,0x90,0x20,0xa0,
    0xa1,0x8f,0x22,0x83,0x02,0xbf,0x18,0x81,0x19,0x27,0x98,0x98,0xce,0x40,0x11,0x98,0x90,0x1b,0x17,0xaa,
    0x89,0x22,0x00,0xd8,0x1b,0x24,0xb8,0x38,0x08,0x38,0x17,0xdf,0x19,0x34,0xb0,0x9a,0x10,0x40,0xa0,0x0b,
    0x18,0x90,0x09,0x73,0x83,0xea,0x2b,0xa4,0x1d,0x15,0x98,0x09,0xb0,0x8c,0x45,0xc1,0x0a,0x82,0x90,0x29,
    0x84,0x9e,0x21,0x90,0x09,0x23,0x80,0xaa,0xfb,0x68,0x82,0xba,0x1a,0x25,0x80,0xaa,0x2b,0x27,0xc9,0x0a,
    0x21,0x90,0x98,0x19,0x67,0xc9,0x8a,0x42,0x98,0x99,0x20,0x02,0x08,0x98,0x0a,0x83,0xa0,0xcf,0x81,0x58,
    0x17,0xaa,0x8a,0x00,0x01,0x12,0xa0,0x2b,0x27,0xcc,0x1a,0x13,0x88,0xa0,0x0a,0x56,0xb2,0x9c,0x80,0x89,
    0x01,0x40,0x04,0xba,0xbc,0x29,0x27,0x08,0x98,0x09,0x98,0xab,0x50,0x17,0xb9,0x0c,0x22,0x12,0xb8,0x9b,
    0x00,0x11,0x41,0x82,0xa9,0xf1,0xbd,0x48,0x37,0xb8,0x88,0x99,0x12,0xcc,0x30,0x03,0x09,0x88,0x33,0xfa,
    0x9c,0x18,0x52,0xb8,0x30,0x92,0xc9,0x9d,0x31,0x12,0x04,0xad,0x00,0xd9,0x40,0x82,0x52,0xe0,0x8b,0x41,
    0x12,0xcb,0x30,0xa8,0x38,0xc2,0x0b,0x44,0xb2,0xbe,0x40,0x13,0xa8,0x9c,0x08,0x18,0x23,0xdb,0x58,0xa1,
    0x8b,0x26,0xb9,0x8b,0x31,0xb8,0x2a,0x23,0x24,0xea,0xbb,0x3a,0x57,0xba,0x59,0x04,0xba,0x19,0x02,0x11,
    0x90,0xb9,0x09,0x32,0x33,0x12,0xc8,0xbf,0x11,0x88,0x9b,0x37,0xe0,0x0b,0x10,0x14,0xc9,0x89,0x1a,0x25,
    0x9a,0x98,0x1a,0x92,0xbb,0x20,0x47,0xb0,0xaa,0xca,0x4a,0x05,0x09,0x12,0x40,0x81,0x72,0xf8,0x8b,0x34,
    0x01,0xaa,0x89,0x10,0x24,0xd9,0x1b,0x12,0x80,0xaa,0x41,0x90,0x01,0xdf,0x89,0x42,0x22,0xba,0x9b,0x30,
    0xa3,0xae,0x10,0x98,0x93,0xac,0x62,0x05,0xdb,0x1a,0x04,0x19,0x01,0x32,0x05,0xa8,0xcf,0x30,0x80,0x63,
    0x92,0xad,0x19,0x23,0xa9,0x89,0x00,0x25,0xca,0x8a,0x11,0x01,0xda,0x0a,0x32,0x82,0x8c,0x01,0xac,0x80,
    0x8b,0x12,0xfc,0x08,0x32,0x91,0x0b,0x41,0x46,0x10,0xa0,0xab,0x00,0x7a,0x95,0x9c,0x22,0x31,0x82,0x09,
    0xfb,0x29,0x91,0x30,0xb3,0xbb,0xbd,0x41,0x82,0x80,0xdb,0x30,0xc8,0x08,0x98,0x82,0xef,0x10,0x81,0x98,
    0x9b,0x00,0x98,0x1a,0x89,0x77,0x26,0x91,0x99,0xbb,0x89,0x31,0x7d,0xff,0x31,0x00,0x43,0x02,0x9c,0x21,
    0xb0,0x1e,0x34,0xa8,0xaa,0x89,0x22,0xc8,0x8a,0x28,0x34,0xb1,0xac,0x09,0xb2,0xaf,0xaa,0x8a,0x12,0xb8,
    0xdd,0x88,0x9c,0x88,0x18,0xf9,0x3b,0x77,0x04,0xa0,0x9a,0x89,0x10,0x83,0x39,0x15,0xa8,0x89,0x0a,0xa0,
    0x58,0x26,0xa1,0xbe,0x40,0x82,0x9a,0xa8,0x20,0x25,0x98,0xbb,0x08,0xbb,0x01,0xeb,0x61,0xa2,0xbd,0x18,
    0xc0,0x1b,0x03,0xbd,0x21,0x31,0x77,0x12,0xa0,0x9c,0x99,0x09,0x23,0x21,0x04,0x88,0xbb,0x0c,0x81,0x29,
    0x13,0x39,0x07,0x9a,0xa8,0x21,0xe9,0x38,0x13,0x82,0xcf,0x18,0x80,0x10,0x80,0x98,0xbd,0xcb,0xbc,0x42,
    0x02,0xc8,0xce,0xaa,0x38,0x45,0x45,0x13,0xaa,0xbc,0x8a,0x08,0x42,0x01,0x32,0x01,0xcb,0xba,0x99,0x19,
    0x42,0x32,0x24,0xb2,0xbf,0x01,0x9c,0x44,0x81,0xa9,0x39,0xc3,0x9d,0x01,0x00,0x81,0x88,0xcc,0x9b,0xb9,
    0x0b,0x12,0xf9,0xef,0x19,0x24,0x52,0x15,0xa8,0xb9,0xaa,0x88,0x18,0x14,0x32,0x13,0xa9,0xdb,0x9a,0x98,
    0x08,0x42,0x25,0x00,0x91,0xaf,0x10,0x89,0x18,0x46,0xb0,0x8b,0x90,0x08,0x90,0x09,0x20,0x02,0xef,0x99,
    0x00,0xa9,0xa9,0xfc,0x0c,0x44,0x31,0x27,0x98,0xa9,0x9a,0x99,0x1a,0x02,0x62,0x13,0x08,0xaa,0x99,0xda,
    0x09,0x18,0x44,0x01,0x28,0xa1,0xbd,0x00,0x19,0x80,0x64,0xb8,0x19,0xb0,0x18,0xa9,0xa8,0xbc,0x10,0xcd,
    0x99,0x8b,0xf9,0xdf,0x30,0x14,0x72,0x02,0x99,0x99,0xa9,0xaa,0x19,0x21,0x35,0x22,0x98,0x09,0xb8,0xbe,
    0x9a,0x51,0x12,0x11,0x00,0x43,0xfb,0x1d,0x00,0x00,0x88,0x01,0x00,0x81,0xdb,0x9a,0xa8,0xca,0x19,0xa3,
    0xaa,0xff,0x9c,0x53,0x01,0x54,0x82,0x89,0x89,0xb9,0xbb,0x09,0x30,0x26,0x11,0x11,0x02,0xdb,0xbb,0x99,
    0x00,0x38,0x37,0x10,0x02,0xc9,0xbc,0x28,0x91,0x9b,0x62,0x02,0x81,0xfa,0x9a,0x99,0xac,0x0a,0x80,0xe0,
    0xaf,0x31,0x13,0x74,0x13,0x89,0x00,0xb9,0xac,0xa9,0x09,0x42,0x12,0x31,0x34,0xa1,0xae,0x88,0xa9,0x08,
    0x1a,0x37,0x98,0x18,0x91,0x09,0xb1,0x9e,0x20,0x82,0xa9,0x89,0xfa,0xad,0x88,0xc9,0xac,0xbb,0x18,0x43,
    0x54,0x47,0x02,0x89,0x10,0x98,0xbc,0xaa,0x18,0x11,0x80,0x53,0x33,0x90,0x8a,0x09,0x01,0xcd,0x80,0x48,
    0xd1,0x0a,0x53,0xa8,0x19,0x88,0x91,0xa8,0xbc,0xca,0x8a,0xfc,0x8a,0xb9,0xcd,0x89,0x20,0x44,0x53,0x24,
    0x11,0x11,0x80,0xaa,0xba,0xab,0xaa,0x89,0x21,0x32,0x83,0x19,0x46,0x03,0x18,0xa0,0x11,0xb9,0xcf,0x20,
    0xa0,0xba,0x09,0x98,0xc8,0xbf,0x99,0xda,0xab,0x80,0xdd,0xb9,0x8c,0x09,0x90,0x70,0x37,0x80,0x10,0x23,
    0x81,0x90,0x3a,0x83,0xb9,0x3a,0x85,0x99,0xcb,0x89,0x81,0xbb,0x29,0x35,0x91,0x89,0x46,0x88,0x89,0x00,
    0x00,0xc0,0x8b,0xc9,0xac,0xcc,0x9c,0x11,0xfa,0x8a,0x08,0x98,0xae,0x0a,0x02,0xba,0x29,0x83,0x10,0x40,
    0x63,0x24,0x32,0x36,0x23,0x23,0x31,0x00,0x82,0xa8,0xca,0x9a,0x08,0xac,0x28,0x15,0x89,0x88,0x10,0x43,
    0xc8,0x8a,0x21,0xfb,0xeb,0x9c,0xa9,0xbc,0x9b,0xac,0xaa,0xcd,0xab,0xa8,0xcb,0xab,0xa8,0x9a,0x80,0x08,
    0x44,0x36,0x44,0x43,0x33,0x25,0x33,0x32,0x33,0x12,0x10,0x10,0x09,0x90,0xaa,0x9b,0xc8,0xab,0xbc,0x9c,
    0x01,0x9e,0x9a,0xaa,0xce,0x9c,0x9a,0xbb,0x9f,0xa9,0x8a,0xba,0xcb,0xbb,0xdb,0xac,0xba,0x9a,0x5a,0x91,
    0x23,0x61,0x06,0x10,0x41,0x02,0x32,0x20,0x14,0x51,0x11,0x02,0x22,0x40,0x90,0x21,0x80,0xa8,0x02,0x2b,
    0xeb,0xb3,0xcf,0x98,0x9b,0xea,0xaa,0x80,0xcb,0x0a,0xb4,0x4b,0x8a,0x45,0xaf,0x01,0x91,0x1b,0x14,0xba,
    0x43,0xa0,0x31,0x88,0x3b,0x86,0x9a,0x23,0x99,0x28,0x05,0x8d,0x42,0x98,0xab,0x07,0x09,0x18,0x90,0x39,
    0xc1,0x38,0x08,0x9d,0x15,0x8e,0x81,0x9a,0x14,0xb0,0x4b,0x81,0xca,0x42,0xd8,0x20,0x10,0xcb,0x15,0xa0,
    0x8a,0x33,0x0e,0x91,0x97,0x1b,0x80,0xa1,0x10,0x80,0x0a,0x94,0xa3,0xa7,0x4d,0x38,0xf1,0x49,0x88,0x1a,
    0xa3,0x2c,0x19,0xc2,0x2c,0xb4,0x59,0x0a,0xd2,0x30,0xb0,0x6c,0x90,0xa1,0x6a,0xa8,0x00,0x68,0xba,0x03,
    0xc2,0x28,0x20,0x9e,0x03,0xa1,0x3e,0xf3,0xa2,0x30,0xa8,0x5b,0x4b,0xc1,0x08,0x82,0xa0,0x7a,0x8a,0xa4,
    0x19,0x98,0x62,0x1e,0x90,0xb2,0x50,0x1b,0x89,0x22,0xba,0x68,0x1a,0xf2,0x31,0x1c,0xe1,0x12,0x1a,0xa8,
    0x33,0x0f,0x80,0x92,0x98,0x31,0x1e,0xc2,0x40,0xab,0x94,0x31,0x8f,0x93,0x01,0x1f,0xb3,0x80,0x11,0x1e,
    0x01,0x98,0x89,0xa7,0x08,0x28,0x19,0x8a,0xd5,0x12,0x1b,0x39,0x8a,0xb0,0x87,0x89,0x00,0x01,0xac,0x87,
    0x08,0x8a,0x14,0x1f,0x80,0xa2,0x1a,0x95,0x4c,0xb8,0x94,0x59,0x0b,0x91,0xb2,0x91,0xc4,0x58,0x1a,0xa9,
    0x52,0xbb,0x23,0xb0,0xa9,0x27,0xbb,0x32,0x99,0x08,0x38,0xc9,0x40,0x1a,0xb1,0x4b,0x94,0x2d,0xc2,0xa3,
    0x6f,0xa8,0x38,0x09,0xc0,0x22,0xe0,0x20,0x19,0x9a,0x33,0x0d,0x98,0x96,0x1b,0x94,0x1b,0xa2,0xb7,0x3a,
    0x81,0xe0,0x31,0x2b,0xc8,0x32,0x0d,0xa1,0x83,0x2a,0x9a,0xa7,0x81,0x2a,0x80,0x89,0x31,0xca,0xb1,0x87,
    0x8a,0x33,0x0f,0x80,0x83,0x0e,0x94,0x09,0xb2,0x12,0x1f,0xb3,0x80,0x28,0x49,0x0f,0xb4,0x38,0x89,0xa0,
    0x69,0xc1,0x80,0x31,0x1f,0x80,0xa1,0x08,0x30,0xaa,0x68,0x0a,0xd1,0x32,0xab,0x11,0x00,0x8b,0x33,0xdc,
    0x03,0x01,0x1e,0x01,0xb9,0x61,0xc8,0x11,0x2a,0xf2,0x01,0x19,0x91,0x3b,0xb3,0xa8,0x79,0xe1,0x11,0x08,
    0xb8,0xa4,0x30,0x1d,0x00,0x3a,0xba,0x87,0x2a,0xc8,0x85,0x2a,0xb0,0x31,0xba,0xa7,0x59,0x8a,0x91,0x10,
    0x3a,0x9b,0xa6,0x81,0x09,0x92,0x0b,0x87,0x0b,0x01,0xc6,0x7b,0x89,0xa1,0x11,0xa8,0x10,0x81,0x9a,0x42,
    0xb9,0x7b,0x09,0x90,0x91,0xb3,0x40,0x1c,0x29,0xc0,0x30,0xc8,0xa1,0x44,0xac,0x22,0x09,0xda,0x06,0x0a,
    0x29,0xa1,0xa0,0x71,0x9a,0x80,0x03,0xf8,0x22,0x3c,0x0d,0x92,0xa1,0x69,0xb8,0x11,0x80,0xa8,0x40,0xd0,
    0x50,0x8b,0x81,0x00,0x89,0x93,0x1a,0x48,0xf0,0x11,0x08,0xe0,0x41,0x9a,0x81,0x00,0x2a,0x58,0x0e,0x11,
    0xc8,0x11,0x08,0xb0,0x83,0xa9,0x25,0x0f,0xa2,0x20,0x8c,0x84,0x98,0x29,0xa2,0x09,0x7b,0xf2,0x00,0x02,
    0x0c,0x38,0xa1,0x2c,0x80,0x00,0xa8,0x84,0x0b,0x13,0x0b,0xe8,0x53,0xda,0x04,0x1c,0xfd,0x02,0x3b,0x00,
    0x89,0x38,0xaa,0x97,0x4c,0xc1,0x00,0x00,0xc0,0x48,0xa1,0x89,0x31,0x8c,0x01,0xe2,0x28,0x82,0x8c,0x22,
    0xc0,0x10,0x82,0x9b,0x53,0xaa,0x18,0x96,0x9a,0x41,0xd8,0x91,0x12,0x0e,0x48,0xc8,0x90,0x93,0x80,0x2d,
    0x88,0xb1,0x32,0x4b,0x9c,0x87,0x80,0x2a,0x83,0x0b,0x04,0x00,0x1a,0x04,0x9a,0x40,0xa9,0x2a,0x00,0xfd,
    0x21,0xa0,0x9b,0x51,0xf1,0x19,0x92,0x8c,0x93,0x3b,0x9d,0x87,0x88,0x08,0x11,0x1a,0x39,0x92,0x38,0x93,
    0x28,0x33,0xf2,0x39,0x94,0x8a,0x2a,0xa9,0x82,0xbf,0x18,0xb4,0x1b,0x11,0x8d,0x21,0xbd,0xf2,0x82,0x1f,
    0xb1,0x19,0x30,0xd0,0x49,0x82,0x09,0x22,0x91,0x42,0x82,0x59,0x92,0x90,0x21,0xb8,0x3c,0xc0,0xbc,0x10,
    0xca,0x8a,0x12,0x9e,0x21,0xc6,0x2b,0x82,0xfc,0x20,0xb9,0x98,0x7a,0xa1,0x90,0x30,0x84,0x19,0x02,0x12,
    0x33,0x91,0x78,0x84,0x8a,0x19,0x81,0xbc,0x98,0xab,0xa0,0xfb,0x0a,0x16,0x9c,0x30,0xa1,0x8a,0x88,0xcf,
    0xa3,0xb8,0x3d,0x06,0x8b,0x20,0x04,0x89,0x32,0x00,0x16,0x08,0x10,0x24,0xac,0x10,0x91,0xaa,0xbd,0x10,
    0xb0,0xcf,0x31,0x98,0x09,0x81,0x1a,0x86,0xae,0x08,0xb1,0x9a,0x6a,0x93,0x1b,0x12,0x07,0x2a,0x84,0x20,
    0x13,0x81,0x39,0x07,0x8b,0x88,0x18,0xe9,0x9b,0x19,0xc0,0x8d,0x91,0x31,0xb8,0x89,0x63,0xf1,0x0b,0x89,
    0x80,0xac,0x53,0x90,0x0a,0x54,0xa0,0x32,0x81,0x42,0x22,0x89,0x63,0xb0,0x89,0x88,0xa8,0xbc,0xbd,0x11,
    0xdb,0x9b,0x33,0xa0,0xa9,0x61,0x80,0xfa,0x0d,0x80,0xc8,0x6b,0x94,0x8a,0x31,0x93,0x4a,0x83,0x30,0x24,
    0xb0,0x78,0x92,0x9a,0x18,0xa0,0xab,0xdb,0x8a,0xa2,0xce,0x38,0x83,0x9b,0x20,0x04,0xcc,0xab,0x10,0xca,
    0x3b,0x17,0x9a,0x32,0x15,0x3a,0x85,0x38,0x24,0xa1,0x38,0x15,0xaa,0x1a,0xb0,0xca,0xcb,0x8d,0x01,0xcd,
    0x29,0x83,0x99,0x18,0x83,0xab,0xde,0x09,0xa1,0x1d,0x86,0x09,0x20,0x04,0x4a,0x83,0x38,0x42,0xa3,0x49,
    0x04,0x9a,0x89,0xb1,0x09,0xde,0x8b,0x11,0xcc,0x89,0x13,0x98,0x08,0x29,0xb0,0xde,0x0a,0xa1,0x5a,0xa4,
    0x89,0x72,0x91,0x38,0x83,0x10,0x35,0xa0,0x60,0x82,0x9a,0x20,0xaa,0x89,0xf9,0x8d,0x01,0xbb,0x1a,0x02,
    0x89,0x91,0x10,0x8c,0xec,0x89,0xb0,0x59,0x84,0x0b,0x50,0x93,0x48,0x82,0x31,0x54,0xa1,0x58,0x02,0xa8,
    0x10,0xb8,0x18,0xed,0x8a,0x28,0xdc,0x00,0x18,0x88,0x28,0x0a,0xb2,0xfa,0x89,0x28,0x1f,0x94,0xa8,0x21,
    0x82,0x3a,0x22,0x90,0x46,0x82,0x28,0x25,0xa0,0x10,0x90,0x1b,0x99,0xef,0x00,0xb8,0x8a,0x28,0x98,0x01,
    0xf2,0x02,0x1a,0x1f,0x1b,0xd0,0x01,0x01,0x0a,0x39,0x98,0x11,0xa4,0x12,0x73,0x82,0x32,0x24,0x28,0x10,
    0xa9,0x10,0xc9,0x9f,0x00,0x8c,0x0b,0xe1,0x93,0x00,0x1b,0x58,0x9c,0xe4,0x91,0x98,0x10,0x1e,0x80,0xb1,
    0x80,0x38,0x1d,0x01,0x80,0x22,0x53,0x18,0x33,0x92,0x85,0x81,0x08,0x39,0xc9,0x98,0x40,0x0f,0xa0,0xb1,
    0x18,0x68,0x1e,0x08,0xa8,0x49,0x3c,0x0f,0xb1,0xa1,0xa1,0x39,0x1b,0xc0,0x01,0x29,0x10,0x7a,0x08,0x01,
    0x94,0x13,0x79,0x28,0x88,0x30,0x2a,0xa0,0x02,0x6b,0x2d,0x90,0x09,0x98,0xe5,0xb4,0x80,0x88,0x29,0x1f,
    0x89,0x90,0xf4,0xa2,0xa2,0x81,0x88,0x39,0x1b,0x91,0xc3,0x02,0x01,0x00,0x01,0x14,0x29,0xb7,0x95,0x11,
    0x39,0x2a,0x5a,0x0b,0xb2,0xd7,0x92,0x29,0x2b,0x0b,0xc0,0xb3,0x08,0x5b,0x3c,0xba,0xb5,0x10,0x89,0x38,
    0x1c,0x98,0xa4,0x10,0x3a,0x40,0x3b,0x59,0x1a,0x21,0x68,0x2a,0xc4,0x03,0x09,0x7c,0x1a,0x98,0xb4,0x08,
    0x88,0xd2,0x91,0x92,0xa9,0x92,0xd9,0xc7,0xb2,0xa5,0x18,0x4a,0x2c,0x90,0x29,0x88,0x81,0x80,0x90,0x22,
    0xc0,0x23,0x39,0x0d,0x49,0x28,0x3f,0xb8,0xb7,0x48,0x1b,0xe3,0x92,0x08,0xa2,0xa8,0x95,0xa0,0x91,0x00,
    0x91,0xf2,0xd5,0x02,0xa8,0x01,0x39,0x09,0x5b,0x99,0x21,0xb8,0xa2,0x79,0x4c,0x29,0x1c,0x90,0x00,0x79,
    0x1b,0xa0,0x82,0x89,0x38,0x9a,0x40,0x5c,0x3d,0x9a,0x03,0x0a,0x7b,0x1a,0x2a,0x1a,0xe3,0x94,0x09,0x01,
    0x8a,0xc6,0xb4,0xc3,0xc4,0xa2,0xa4,0x00,0x18,0xa9,0xb4,0x82,0x90,0x81,0xc1,0xc3,0x32,0xba,0x48,0x88,
    0x29,0xca,0xd7,0x94,0x39,0x3c,0x19,0x0b,0x82,0xc0,0xb5,0xa2,0x12,0x89,0x7a,0x1b,0xc0,0xa6,0x91,0x28,
    0x1a,0x98,0xb5,0x91,0x30,0x8b,0xd1,0x85,0x99,0xa3,0xc4,0x91,0xc5,0x81,0x00,0xa0,0xd3,0x81,0x21,0x2c,
    0x08,0x4d,0x2a,0x2a,0x5f,0x2b,0x08,0x98,0x80,0xc4,0xa2,0x21,0x8a,0x80,0x59,0x1a,0x09,0x89,0xf5,0xa4,
    0xb2,0xa3,0x38,0x4d,0x2b,0x19,0x29,0x1d,0x91,0x91,0xa3,0x6b,0x2a,0xa8,0x01,0xc0,0x82,0x82,0x4f,0x19,
    0x99,0xc2,0x12,0x4c,0x2a,0x7b,0x0b,0x18,0x08,0x98,0x03,0x9a,0xd4,0x32,0x3f,0x8a,0x00,0x81,0xa9,0xb7,
    0xa2,0x20,0x0a,0xf3,0xa4,0x08,0x00,0xc0,0xa4,0x92,0xa0,0xa5,0xa1,0xa2,0xb5,0x91,0x93,0xd8,0xa5,0x30,
    0x2e,0xa8,0xb3,0x84,0xd8,0xb6,0x93,0x19,0x08,0x19,0x08,0xd1,0x12,0x88,0x3c,0x00,0x3e,0x4a,0x1b,0x7b,
    0x09,0x4b,0x98,0xa1,0x7a,0x4c,0x3b,0x1a,0x88,0xd2,0xa4,0x00,0x08,0x08,0xb0,0xd7,0x93,0x80,0x18,0x09,
    0x18,0x18,0x1b,0x18,0x4b,0x1a,0x7c,0x4c,0x3b,0x3c,0x19,0x0a,0xa1,0x02,0x4c,0x3b,0x8a,0xd3,0xc3,0x94,
    0x18,0x3b,0x98,0xd2,0xb5,0x01,0x28,0x0b,0xc2,0xb6,0x49,0x89,0xd3,0x81,0x28,0x6c,0x1b,0x90,0x81,0x08,
    0x4a,0x19,0x2a,0x0b,0x50,0x2e,0xa0,0x93,0x1a,0xa0,0xa6,0x59,0x3c,0x1a,0x1a,0xc1,0x83,0x80,0xc0,0xa5,
    0xc3,0x58,0x1c,0xe2,0xa3,0x20,0x1a,0x89,0x38,0x2a,0x2c,0x3a,0xb0,0xe5,0x32,0x2f,0x09,0xa0,0xb4,0xb3,
    0x81,0x30,0x1e,0x90,0xb3,0xa2,0x40,0x3e,0x8a,0xc3,0x93,0x4a,0x2c,0xb1,0xa2,0x22,0x1c,0x09,0xe3,0xb3,
    0x20,0x4b,0x2b,0xc1,0xc5,0x58,0x2b,0x3c,0x08,0x98,0x01,0x89,0x79,0x1b,0x88,0x82,0x1a,0x7a,0x8a,0xc1,
    0x95,0x08,0x28,0x1b,0xa1,0xb1,0x04,0x2b,0xca,0x87,0x3b,0x28,0x8b,0xc3,0x84,0x4f,0x09,0x98,0x93,0x80,
    0x5c,0xb0,0x91,0x82,0x89,0x50,0x8c,0xb2,0xa6,0x39,0x19,0xa8,0x20,0xa9,0xa5,0x20,0x8a,0xb1,0xc7,0x22,
    0x1f,0x90,0x21,0x1c,0x90,0xc3,0x11,0x5d,0x1b,0xb2,0xa1,0x40,0x1b,0x98,0x94,0x29,0x18,0x8c,0x03,0xf3,
    0x80,0xfc,0x3b,0x00,0x12,0xe8,0x11,0x28,0x1e,0x91,0x90,0x83,0x0a,0x39,0xe5,0x91,0x48,0x0b,0xb1,0x84,
    0x49,0x0c,0x90,0xa4,0x18,0x5a,0xc8,0x92,0x91,0x58,0x8a,0x98,0x97,0x19,0x29,0x0a,0x00,0xd8,0x02,0x02,
    0x2f,0x81,0xc8,0x04,0x88,0x2a,0xb0,0xb3,0x11,0x0d,0x94,0x99,0x41,0x98,0x2b,0x04,0xca,0x11,0x82,0x0a,
    0x09,0xc2,0x07,0x8e,0x11,0xc1,0x00,0x21,0x9c,0x20,0x81,0x29,0x2f,0x91,0xb0,0x59,0x18,0xba,0x95,0x93,
    0x3a,0x8c,0x14,0x9a,0x4b,0x02,0x8b,0x49,0x99,0xb3,0xca,0x05,0xb1,0x3b,0x16,0x8d,0x01,0x21,0x8f,0x93,
    0x93,0x2d,0x08,0xe1,0x03,0x3b,0x88,0xc8,0x22,0x92,0x0f,0x82,0xb8,0x12,0x81,0x5a,0xa8,0x00,0xa7,0x0b,
    0x50,0xca,0x20,0xa2,0x9b,0x31,0x1d,0x81,0xba,0x64,0xb0,0xa8,0x53,0x1b,0x19,0x92,0xb0,0x71,0x80,0xa8,
    0x84,0x28,0x9a,0x98,0x14,0x99,0x98,0x83,0x7a,0xac,0x00,0xa1,0x1c,0x88,0xa1,0x00,0x8d,0x84,0xe9,0x3b,
    0x00,0xea,0x88,0x41,0xc9,0x10,0x16,0x0a,0x32,0x12,0xa2,0x3b,0x37,0xc0,0x2f,0x84,0xa9,0x18,0x01,0x8b,
    0x81,0x08,0x08,0x29,0xc9,0xd8,0x28,0xbb,0x82,0x8c,0x90,0xfa,0x9a,0x01,0xae,0xa0,0x91,0x1b,0x04,0x54,
    0x88,0x56,0x88,0x81,0x70,0xc1,0x00,0x18,0xa1,0x19,0x10,0x02,0x9e,0x03,0x29,0xb9,0x30,0x89,0xd8,0x01,
    0xb9,0xab,0xcf,0x82,0xcb,0x30,0xc1,0x0c,0x88,0xb0,0xaa,0x9f,0x11,0x42,0x1a,0x74,0x82,0x10,0x21,0x96,
    0x8b,0x03,0x0b,0x5a,0x02,0x8c,0x93,0x23,0xda,0x2a,0x12,0xb0,0x8d,0x22,0xb5,0xad,0x30,0xba,0xdc,0x80,
    0x21,0xac,0x19,0x82,0xbc,0xa8,0x99,0xca,0x38,0x54,0x05,0x21,0x26,0x38,0xd8,0x33,0x8a,0xba,0x70,0xa8,
    0xa1,0x58,0x81,0xa9,0x23,0x10,0xac,0x84,0x38,0x9d,0x08,0x22,0xeb,0x0b,0x91,0xe9,0x0c,0x81,0x90,0x8c,
    0x08,0x90,0xbc,0x0b,0x01,0x16,0x48,0x34,0x33,0x01,0x07,0x19,0xa8,0x38,0xcc,0x11,0x00,0x1a,0x93,0x32,
    0x10,0x96,0x1a,0x32,0xcc,0x09,0x06,0x9b,0x91,0x29,0xbb,0xfa,0x0c,0xba,0xca,0x99,0x11,0xbd,0xb8,0x2c,
    0xe8,0xaa,0x72,0x03,0x31,0x33,0x25,0x82,0x1a,0x81,0xa9,0x8f,0xa0,0x03,0xaa,0x32,0x33,0x9c,0x27,0x08,
    0x18,0x88,0xa9,0x21,0x9b,0xa2,0x0d,0xb8,0xb0,0x9f,0xf9,0x9d,0x90,0xb9,0x9a,0x91,0xea,0xab,0x19,0xba,
    0x73,0x34,0x43,0x42,0x22,0x13,0xa0,0x1b,0xd1,0x8c,0x89,0x01,0xa1,0x2b,0x64,0xa1,0x10,0x34,0x9a,0x01,
    0x8b,0x86,0x9b,0x01,0x91,0x9c,0xa2,0x0d,0xeb,0xcb,0xab,0xa9,0x9c,0xc9,0x08,0xfb,0x8a,0x99,0x9b,0x74,
    0x22,0x43,0x22,0x25,0x11,0xa9,0x10,0x9b,0xab,0x9b,0x02,0xc3,0x0d,0x14,0x32,0xc8,0x41,0x22,0x90,0xdb,
    0x73,0x90,0x99,0x18,0x18,0xa9,0xbd,0x40,0xfa,0x9a,0x89,0xc8,0xa9,0x9b,0x38,0xdd,0xaa,0x08,0xa0,0x70,
    0x33,0x25,0x23,0x33,0x23,0xa0,0x0a,0xb9,0xaa,0xad,0x99,0x10,0xe9,0x11,0x10,0x15,0x28,0x32,0x84,0x88,
    0x11,0x24,0xd9,0x31,0xab,0x8a,0xf8,0xbc,0xc0,0x9e,0xa8,0xcb,0x8a,0xb8,0xac,0xa8,0xaa,0xcf,0x09,0x89,
    0x51,0x35,0x32,0x34,0x42,0x23,0xa0,0x09,0x91,0xaa,0xbb,0x1a,0x91,0xbe,0x0a,0x03,0x21,0x8b,0x57,0x20,
    0x90,0x48,0x43,0x91,0x1a,0x04,0x98,0xbc,0xac,0x9d,0xdb,0xab,0xa9,0xd9,0x9c,0xa0,0x8a,0xba,0xea,0x8b,
    0xd0,0x2a,0x35,0x24,0x34,0x22,0x35,0x02,0x08,0x10,0x18,0x98,0xca,0x01,0xb0,0xbc,0x9b,0x38,0xa0,0xac,
    0x62,0x04,0x00,0x21,0x64,0x22,0x80,0x10,0x82,0xca,0xbf,0xbb,0xaa,0xcc,0xab,0x9a,0x80,0xab,0x9c,0x10,
    0xea,0xb9,0xaa,0xba,0x18,0x33,0x27,0x22,0x45,0x43,0x12,0x21,0x41,0x25,0x21,0x11,0x33,0x22,0x90,0x9c,
    0x88,0xa9,0xcc,0x9b,0x19,0x90,0x18,0x63,0x35,0x32,0x33,0x16,0x00,0x98,0xa9,0xcb,0xcd,0xba,0xcb,0xbd,
    0xbc,0xcb,0xcb,0xbb,0xcc,0xba,0xbb,0xbc,0x89,0x00,0x22,0x54,0x53,0x33,0x43,0x43,0x43,0x24,0x23,0x32,
    0x12,0x11,0x98,0xba,0xab,0xcb,0xab,0xac,0x99,0x18,0x32,0x35,0x34,0x36,0x33,0x11,0x00,0x99,0xfa,0xcd,
    0xdb,0xcb,0xac,0xbc,0xcb,0xcb,0xba,0xaa,0x99,0x08,0x31,0x35,0x34,0x35,0x32,0x35,0x43,0x33,0x33,0x23,
    0x13,0x00,0xa9,0xcb,0x9b,0xaa,0x9b,0xcb,0x08,0x30,0x25,0x63,0x12,0x35,0x21,0x80,0x99,0xdc,0xd9,0xbd,
    0xbc,0xbc,0xcc,0xba,0xbc,0xbb,0xab,0x89,0x09,0x30,0x35,0x35,0x34,0x43,0x43,0x34,0x42,0x22,0x22,0x12,
    0x00,0xa8,0xba,0xaa,0xab,0x9a,0xba,0x18,0x34,0x34,0x36,0x23,0x45,0x10,0x80,0xa8,0xcd,0xfb,0xcb,0xbb,
    0xbd,0xbc,0xcb,0xab,0xcb,0x99,0x88,0x10,0x33,0x35,0x35,0x32,0x35,0x43,0x43,0x32,0x22,0x12,0x01,0x98,
    0xb9,0xab,0xca,0x8a,0x99,0x89,0x31,0x73,0x24,0x13,0x53,0x12,0x01,0xa9,0xdc,0xfb,0xbc,0xcb,0xcc,0xca,
    0xba,0xbb,0xac,0x99,0x88,0x01,0x52,0x33,0x26,0x32,0x43,0x34,0x43,0x22,0x23,0x12,0x01,0x90,0xba,0xac,
    0x9b,0x9b,0xa9,0x89,0x51,0x23,0x16,0x32,0x33,0x43,0x01,0xd0,0xdb,0xbe,0xbc,0xbd,0xcc,0xbb,0xac,0xac,
    0x9a,0x98,0x08,0x11,0x34,0x34,0x24,0x34,0x34,0x34,0x33,0x33,0x33,0x20,0x81,0xaa,0xcb,0xaa,0xab,0xa8,
    0xaa,0x00,0x54,0x22,0x05,0x41,0x23,0x23,0xaa,0xfc,0xbc,0xcc,0xcc,0xcb,0xcb,0xab,0xac,0x9a,0x99,0x08,
    0x30,0x42,0x34,0x53,0x53,0x33,0x43,0x33,0x32,0x14,0x11,0x80,0x98,0x9b,0xaa,0xaa,0xa9,0x0b,0x32,0x24,
    0x53,0x33,0x54,0x12,0x80,0xbb,0xcf,0xbc,0xbe,0xcc,0xcb,0xbb,0xcb,0x9a,0x9a,0x88,0x10,0x32,0x44,0x43,
    0x44,0x33,0x34,0x43,0x32,0x23,0x21,0x00,0x88,0xba,0xba,0x9c,0xaa,0x8a,0x39,0x13,0x70,0x17,0x82,0x22,
    0x08,0x8a,0xdf,0xbb,0xfb,0xcb,0x9c,0xbb,0xab,0x88,0x91,0x00,0x30,0x55,0x32,0x14,0x42,0x43,0x24,0x12,
    0x11,0x21,0x80,0xda,0xbb,0x9a,0xa9,0xa8,0xa3,0x73,0x52,0x33,0x31,0x84,0x14,0xb8,0xeb,0xad,0xad,0xdb,
    0xbc,0xba,0x9a,0x19,0x33,0x53,0x33,0x36,0x33,0x13,0x20,0x11,0x03,0xa0,0xeb,0x0a,0xd9,0xba,0xbc,0x10,
    0x23,0x21,0x33,0x37,0x36,0x01,0x30,0x08,0x90,0xfa,0xae,0xaa,0xbc,0xcd,0xba,0x99,0x98,0x62,0x23,0x43,
    0x42,0x23,0x32,0x90,0x90,0x89,0xc9,0xca,0xac,0xa8,0xaa,0xaa,0x41,0x73,0x82,0x32,0x11,0x27,0x18,0xa8,
    0x11,0xba,0xf9,0x9d,0x25,0xff,0x30,0x00,0xba,0xdc,0xab,0x9a,0x80,0x70,0x23,0x43,0x22,0x33,0x42,0xa0,
    0x89,0xaa,0xc9,0xaa,0xae,0x88,0x8a,0x80,0x42,0x24,0x04,0x29,0x24,0x13,0xa8,0xb9,0x31,0xdc,0xcd,0xba,
    0xc9,0xcc,0xad,0x98,0x80,0x41,0x25,0x42,0x21,0x23,0x22,0x98,0x9a,0xba,0xca,0xcb,0xac,0x09,0x99,0x00,
    0x34,0x26,0x12,0x28,0x23,0x15,0xc9,0x88,0x10,0xcc,0xcc,0xaa,0xca,0xce,0x9a,0x89,0x00,0x63,0x33,0x43,
    0x32,0x23,0x03,0xa9,0xba,0xbb,0xfb,0xba,0x9b,0x98,0x09,0x12,0x57,0x11,0x18,0x22,0x12,0xa0,0xca,0x20,
    0xd9,0xcc,0x9c,0xba,0xdd,0xac,0x99,0x00,0x41,0x26,0x31,0x23,0x43,0x11,0xa0,0x8a,0xba,0xcb,0xbc,0xba,
    0x98,0x8a,0x52,0x53,0x02,0x23,0x38,0x07,0x98,0x8a,0x92,0x9a,0xdd,0xab,0xb9,0xdf,0x9b,0x89,0x08,0x63,
    0x23,0x33,0x53,0x23,0x11,0xa8,0x98,0xcb,0xcb,0xbb,0x9c,0x98,0x2a,0x04,0x43,0x13,0x84,0x70,0x91,0x08,
    0x09,0x90,0xaa,0xbf,0xa9,0xdd,0xcb,0x99,0x88,0x41,0x24,0x33,0x43,0x25,0x11,0x80,0x88,0x98,0xdb,0xbb,
    0xaa,0x99,0x9c,0x20,0x24,0x30,0x41,0x12,0x16,0xa8,0x20,0x80,0xdb,0xdb,0xdb,0xbc,0xbd,0x9a,0x89,0x53,
    0x33,0x42,0x44,0x23,0x13,0x00,0x08,0xb0,0xdc,0xaa,0x8b,0xaa,0xac,0x10,0x32,0x88,0x31,0x56,0x01,0x88,
    0x48,0xa2,0xba,0xce,0xbb,0xae,0xac,0x8a,0x30,0x23,0x43,0x45,0x24,0x31,0x01,0x11,0x91,0xca,0xaa,0xac,
    0xa9,0xae,0x08,0x89,0x98,0x02,0x22,0x26,0x09,0x22,0x04,0x80,0xfb,0x9f,0xa9,0xbb,0xab,0x39,0x34,0x82,
    0x54,0x35,0x32,0x00,0x12,0x14,0xb8,0x8a,0x9b,0xc0,0xce,0x99,0x00,0xb9,0xb9,0x30,0x05,0x88,0x30,0x15,
    0x11,0xd9,0xad,0xba,0xd9,0xac,0x38,0x12,0x80,0x44,0x53,0x33,0x01,0x32,0x15,0x80,0x88,0x1a,0xb0,0xfd,
    0x89,0x88,0x9b,0xcb,0x80,0x02,0x99,0x49,0x22,0x83,0xf8,0xaa,0xa9,0xbc,0xbc,0x41,0x13,0x89,0x63,0x33,
    0x16,0x01,0x50,0x12,0x81,0x00,0x10,0x80,0xfb,0x8a,0x99,0xdb,0xab,0x9a,0x92,0xba,0x49,0x32,0xa3,0xc1,
    0x9d,0x80,0x9d,0xbd,0x22,0x23,0x0c,0x39,0x34,0x14,0x81,0x62,0x24,0x02,0x20,0x12,0x13,0xca,0x8a,0x09,
    0xec,0xac,0x99,0xa0,0xab,0x89,0x50,0x90,0xc2,0x4a,0xb8,0xe1,0x90,0xca,0x40,0x08,0x8b,0x18,0x81,0x41,
    0x09,0x71,0x32,0x02,0x34,0x51,0x21,0x88,0x10,0x01,0xba,0xd9,0x09,0x89,0xae,0xa0,0x80,0x03,0x8d,0x2c,
    0x10,0xfb,0xa1,0xa0,0x8b,0xab,0x8b,0xc9,0xda,0x99,0x81,0x88,0x88,0x14,0x35,0x22,0x62,0x22,0x14,0x13,
    0x33,0x44,0x11,0x01,0x03,0x11,0x28,0x20,0xa3,0x99,0x09,0xf9,0xbb,0xd8,0xe9,0xab,0xcb,0xab,0xcd,0xaa,
    0x8b,0xcb,0xca,0xaa,0x99,0xb9,0xbb,0x9a,0x02,0x30,0x70,0x36,0x33,0x53,0x43,0x43,0x42,0x23,0x43,0x22,
    0x22,0x22,0x12,0x08,0xb8,0xda,0xab,0xbc,0xbd,0xac,0xca,0xab,0xbb,0xcc,0xca,0xaa,0xac,0xbb,0xaa,0xcb,
    0xba,0x8a,0x8a,0x00,0x12,0x27,0x27,0x34,0x43,0x34,0x42,0x23,0x32,0x33,0x21,0x00,0xa0,0xb9,0xeb,0xca,
    0xab,0xad,0xba,0x9c,0xb9,0xca,0xa9,0xc9,0xb9,0x9b,0x9a,0xcc,0xba,0xaa,0xda,0x8b,0x08,0x14,0x25,0x54,
    0x43,0x32,0x43,0x22,0x23,0x32,0x10,0x00,0xa8,0xcc,0xab,0xcb,0x9c,0xba,0x9c,0xa8,0x19,0x39,0x92,0x83,
    0x94,0x48,0xc8,0xa9,0xca,0xda,0x99,0x8b,0xaa,0x02,0x51,0x20,0x44,0x11,0x13,0x42,0x00,0x90,0xb0,0xc0,
    0xb9,0xa9,0xaa,0x0e,0xa9,0x88,0x32,0x10,0x44,0x21,0x13,0x42,0x21,0x81,0xc1,0x92,0x8c,0xa9,0xaa,0x0c,
    0x89,0x19,0x09,0x11,0x11,0x11,0x18,0x90,0x98,0xaa,0x90,0xc9,0x19,0xac,0xa8,0x18,0x29,0x01,0xa5,0x11,
    0x13,0x20,0x04,0x29,0x21,0x89,0xa0,0xa2,0xd1,0xa1,0x21,0x0c,0x08,0x09,0xa4,0x92,0x99,0x80,0x98,0xb2,
    0x90,0x10,0xac,0xa3,0x4c,0xb0,0x2d,0x11,0xb9,0x14,0x29,0x40,0x1c,0x94,0x83,0x2b,0x0c,0x09,0x08,0xd9,
    0x08,0x20,0xa2,0x22,0x2e,0x21,0xa3,0x99,0xf1,0xa6,0x18,0x09,0x98,0xd3,0xa1,0x29,0xb1,0x08,0x91,0xa5,
    0x88,0x80,0x01,0x29,0xa4,0xa5,0x18,0x4a,0xb9,0x98,0x7b,0x81,0xbb,0x86,0x08,0x3c,0x4b,0xa0,0x00,0xe0,
    0x11,0xd3,0xb2,0x83,0x10,0x2c,0x02,0x90,0x70,0x7b,0xc1,0x18,0x29,0x0f,0xa1,0x02,0x0a,0xc1,0x30,0x70,
    0x99,0x11,0x21,0x1f,0x9a,0xa0,0xa3,0x7b,0x80,0xa0,0xa2,0x5b,0x2b,0x82,0x7b,0x8a,0xa4,0xb5,0x3a,0x3b,
    0x06,0x1c,0x39,0x8a,0xe0,0x82,0xa8,0x12,0x1b,0xc8,0xa6,0x22,0x99,0x98,0x13,0xba,0x87,0x0d,0xa2,0x02,
    0x29,0x4d,0x00,0x1e,0xa1,0x21,0x8b,0x18,0x8a,0x97,0xa2,0x4d,0xb8,0xb5,0x03,0x18,0x0c,0xd2,0x94,0x5a,
    0x8b,0x00,0x92,0xc1,0xb6,0xc4,0x01,0x89,0xb4,0xb3,0xb1,0x13,0x6c,0x8a,0x01,0xb8,0x01,0x08,0x30,0x1d,
    0x68,0x2e,0x19,0x29,0x2c,0x00,0x4a,0x2c,0xa0,0x91,0x49,0x89,0x69,0x8a,0xd2,0x93,0x90,0x21,0xa9,0xf4,
    0xb4,0x01,0x4a,0x2c,0x08,0xb0,0xa3,0xc4,0x83,0x4b,0x5c,0x0a,0x90,0x00,0x90,0xe3,0x92,0x20,0x0b,0xc2,
    0x14,0x3e,0x0a,0x28,0x4d,0x09,0x88,0x29,0x2a,0x98,0x21,0x2a,0x1f,0xc2,0xa3,0x91,0x59,0x98,0x48,0x0e,
    0x21,0x3d,0x8a,0x02,0xa9,0xa3,0x49,0x2a,0xc0,0x49,0x01,0x6f,0x1c,0xb1,0x93,0x18,0x18,0x4c,0x1b,0x30,
    0x1e,0xa0,0x92,0x00,0x39,0xa8,0x09,0xe7,0x92,0x82,0x88,0x7a,0x0a,0x4a,0x0a,0x91,0x92,0x2a,0x90,0x01,
    0x7e,0xa9,0xd3,0xb5,0xa2,0x02,0x0a,0xe2,0xa3,0x91,0xc4,0x02,0x99,0x92,0xc2,0xb5,0x10,0x09,0x30,0x3f,
    0x2b,0x98,0x91,0x40,0x2d,0x19,0x09,0x18,0xf2,0xc4,0x82,0x4a,0x1a,0xc0,0xa4,0x92,0x08,0x80,0x88,0x48,
    0x9a,0xb2,0x96,0x19,0x49,0x3c,0x2c,0xa8,0xd5,0x93,0x28,0x1a,0x19,0x08,0xb8,0x94,0x5a,0x0a,0xd2,0x12,
    0x6b,0x2c,0x4b,0x5b,0x2b,0x2a,0x3a,0x1b,0x4a,0x4c,0x99,0xd4,0xa3,0x81,0x39,0x1c,0xc1,0xb7,0x92,0x00,
    0x88,0x18,0x09,0x01,0x3d,0x1a,0x28,0x0b,0xc2,0x04,0x2c,0x2a,0xe1,0x03,0x2c,0x19,0xe2,0xb4,0x10,0x39,
    0x4f,0x1a,0xa0,0x91,0x81,0x08,0x18,0xe1,0xc4,0x02,0x5b,0x3b,0x8a,0xa3,0xa0,0x93,0xa0,0x30,0x0b,0xe5,
    0x83,0x4c,0x2a,0x99,0x11,0x18,0x3f,0x98,0xd2,0x94,0xa1,0x49,0x89,0x19,0xa2,0x7b,0x2c,0xa0,0xc4,0xb4,
    0x81,0xb2,0x92,0x18,0xb0,0x94,0x80,0x29,0x66,0x01,0x2b,0x00,0xb9,0x18,0xe7,0xa2,0xc5,0x82,0x49,0x0b,
    0x18,0xe2,0x92,0x11,0x2c,0x29,0x1b,0x18,0x98,0x81,0x59,0xc9,0xa4,0x30,0xc9,0xc7,0xa3,0xa2,0x18,0x88,
    0xf3,0x92,0x20,0x4d,0x8a,0xc3,0x82,0x28,0x5d,0x1b,0x08,0xa0,0xa3,0x10,0x2a,0x2a,0x3b,0xe0,0xb4,0x31,
    0x4c,0x2d,0x98,0xc3,0x93,0x29,0x4b,0x9a,0xb4,0xa4,0x90,0x31,0x3f,0xa9,0xb4,0xa3,0x11,0x2d,0x00,0x89,
    0xb1,0x30,0x1a,0xb8,0x78,0x3e,0xa9,0xb5,0xa3,0x38,0x2c,0xb1,0xa2,0xb4,0xb5,0x11,0x4b,0x19,0x90,0x88,
    0x94,0x5a,0x2e,0x88,0xc0,0xc6,0x01,0x19,0x89,0x81,0x00,0x4d,0x89,0x00,0x18,0x1a,0x69,0x99,0x01,0xb2,
    0xa3,0x61,0x2b,0x80,0xa1,0xd4,0x11,0x2d,0x19,0x8b,0xc2,0x91,0xc0,0x21,0x2f,0xc8,0xa3,0x01,0x2a,0x5b,
    0xb0,0xa5,0x12,0x4a,0x39,0xb8,0x97,0x82,0x20,0x3a,0x0b,0xb2,0xf3,0x90,0x4a,0x8d,0xa0,0xa1,0x89,0x3c,
    0xac,0xb2,0x94,0x88,0x7a,0x18,0xb2,0x04,0x31,0x10,0x69,0x02,0x82,0x11,0x50,0x99,0xa8,0x91,0xad,0xcb,
    0x0a,0xcd,0xc8,0x90,0xc8,0x1a,0x8a,0x32,0x0b,0x21,0x57,0x09,0x32,0x13,0x13,0x52,0x12,0x86,0x29,0x04,
    0x8a,0x8a,0xd1,0xab,0xca,0x8c,0xcb,0xc8,0x89,0x9b,0x8b,0x9a,0x50,0xb2,0x04,0x73,0x02,0x21,0x24,0x23,
    0x31,0x42,0x25,0x8a,0x15,0xb0,0x0b,0xc0,0xdb,0x9a,0xad,0xb9,0xab,0xba,0xd9,0x9c,0x88,0x51,0xb8,0x43,
    0x53,0x00,0x52,0x22,0x12,0x40,0x22,0x04,0x3a,0x84,0x0a,0xb9,0x9b,0xcf,0xb9,0xba,0xbc,0x8a,0xad,0xc8,
    0x99,0x8a,0x35,0x8b,0x34,0x25,0x08,0x35,0x21,0x83,0x22,0x34,0x82,0x5b,0x84,0xab,0xa0,0xe0,0x9c,0xb9,
    0x9c,0xca,0x9a,0xa9,0xcb,0x8a,0x09,0x17,0x1b,0x35,0x12,0x39,0x27,0x10,0x02,0x21,0x13,0xa2,0x79,0xb2,
    0x0b,0x98,0xfb,0x8a,0xda,0x89,0xbb,0x8a,0xaa,0xbd,0x88,0x78,0xa2,0x39,0x36,0x81,0x48,0x14,0x01,0x01,
    0x31,0x12,0xb8,0x30,0xb3,0xbf,0x9a,0xda,0xbc,0xb9,0x9b,0xcc,0x8a,0xa9,0x9e,0x29,0x27,0x9b,0x34,0x14,
    0x88,0x43,0x01,0x12,0x09,0x33,0x81,0xad,0x23,0xf9,0x9a,0x99,0xca,0xbb,0xab,0xc8,0xac,0x89,0xdb,0x8a,
    0x75,0xa0,0x20,0x25,0x80,0x30,0x13,0x31,0x99,0x58,0x11,0xe9,0x29,0xa1,0xbb,0xab,0xa9,0x9f,0xba,0x8a,
    0xba,0xaa,0xfb,0x8a,0x72,0xa4,0x29,0x35,0x01,0x28,0x14,0x20,0x91,0x1a,0x04,0xb0,0x8e,0x02,0xbc,0xa9,
    0x8a,0xda,0xaa,0x9b,0xa8,0x9d,0xe9,0x8a,0x62,0x84,0x0a,0x45,0x01,0x08,0x23,0x10,0x91,0x8a,0x23,0xb1,
    0xbf,0x21,0xd9,0xaa,0x8a,0xb9,0xbb,0xbd,0x08,0xca,0xea,0x9a,0x72,0x84,0x0a,0x73,0x01,0x00,0x20,0x11,
    0x81,0xab,0x31,0x92,0xbf,0x28,0xb0,0xbb,0xab,0xa9,0xba,0xbf,0x0a,0x90,0xdd,0x9b,0x72,0x04,0x8a,0x53,
    0x12,0x00,0x20,0x21,0x82,0xbc,0x30,0x82,0xed,0x19,0x90,0xa9,0xab,0x98,0x98,0xcd,0x0a,0x90,0xeb,0x9c,
    0x71,0x03,0x8a,0x62,0x12,0x10,0x00,0x20,0x03,0xcc,0x28,0x02,0xcc,0x09,0x88,0x99,0xdb,0x99,0x81,0xea,
    0x8a,0x08,0xda,0xac,0x61,0x14,0x99,0x52,0x22,0x10,0x01,0x19,0x14,0xd9,0x1a,0x02,0xca,0x8a,0xa8,0x98,
    0xc9,0x9d,0x00,0xc9,0x9b,0x88,0xda,0xbc,0x69,0x27,0x99,0x40,0x22,0x10,0x01,0x89,0x43,0xd8,0x8a,0x12,
    0xc9,0x89,0xa9,0x0a,0xb1,0xbe,0x29,0xc0,0x9b,0xa8,0xca,0xbc,0x4a,0x67,0x90,0x28,0x33,0x11,0x12,0x9a,
    0x51,0xa1,0x9d,0x10,0x98,0x9b,0xa8,0x9d,0x01,0xeb,0x0a,0x90,0xbb,0x80,0xdb,0xac,0x0b,0x77,0x81,0x08,
    0x23,0x22,0x22,0xa9,0x38,0x84,0xcb,0x09,0xa0,0xaa,0xc9,0xbc,0x08,0xc9,0x9d,0x08,0xbb,0x89,0xc9,0xce,
    0x8a,0x72,0x06,0x88,0x21,0x22,0x32,0xa0,0x0a,0x24,0xaa,0x8a,0xa9,0xaa,0xaa,0xcd,0x8b,0xa9,0xdb,0x89,
    0xda,0x8a,0x90,0xdc,0xbc,0x48,0x47,0x80,0x28,0x22,0x32,0x04,0xba,0x31,0xb2,0x8a,0xb0,0xbd,0x88,0xc8,
    0xac,0xa9,0xbb,0x0a,0xda,0xac,0x08,0xc8,0xce,0x8a,0x74,0x03,0x09,0x32,0x21,0x35,0xb1,0x0a,0x13,0xaa,
    0x11,0xfa,0x8b,0x00,0xcb,0x9a,0xca,0x9a,0x81,0xdb,0x0a,0x98,0xcb,0xcd,0x3a,0x77,0x80,0x18,0x11,0x20,
    0x24,0xb9,0x10,0x92,0x0a,0x03,0xdd,0x09,0x80,0xab,0x99,0xcc,0x09,0x91,0xbb,0x08,0xc9,0xba,0xcd,0x79,
    0x16,0x90,0x21,0x01,0x51,0x13,0xaa,0x21,0x98,0x39,0x94,0xbe,0x08,0xa8,0x9a,0xb9,0xbf,0x08,0x90,0x9a,
    0x80,0xbc,0x98,0xfb,0x68,0x15,0x90,0x22,0x01,0x51,0x04,0x99,0x21,0xa8,0x30,0x93,0xbe,0x09,0xb9,0x8b,
    0xd8,0xbd,0x09,0xa8,0x1a,0x91,0xbd,0x08,0xeb,0x49,0x37,0x98,0x31,0x82,0x50,0x15,0x98,0x20,0x90,0x2a,
    0x05,0xcb,0x09,0xa9,0x0b,0xb8,0xcf,0x09,0x98,0x88,0x91,0xba,0x19,0xd8,0x0d,0x65,0x81,0x18,0x13,0x08,
    0x45,0x91,0x19,0x82,0x8a,0x24,0xd0,0x9a,0x98,0x9b,0x89,0xec,0x9b,0x08,0x99,0x18,0xa8,0x9d,0x90,0xdb,
    0x70,0x15,0x09,0x22,0x91,0x71,0x03,0x89,0x21,0xa9,0x31,0x94,0xbc,0x98,0xba,0x8b,0xd9,0xae,0x89,0x99,
    0x08,0x91,0xbb,0x89,0xeb,0x3a,0x77,0x80,0x10,0x02,0x30,0x25,0x90,0x28,0x81,0x28,0x24,0xeb,0x9a,0x98,
    0xab,0x9a,0xed,0x9a,0x08,0x98,0x89,0xaa,0xab,0x8b,0x77,0x12,0x09,0x32,0x01,0x72,0x04,0x98,0x20,0x01,
    0x28,0x02,0xec,0x8a,0x91,0xbb,0x9a,0xec,0x9a,0x01,0xa9,0x8a,0xa8,0xad,0x58,0x26,0x80,0x20,0x03,0x20,
    0x47,0x91,0x08,0x21,0x08,0x21,0xb2,0xbf,0x08,0xa8,0xac,0xb9,0xcd,0x89,0x81,0xab,0x89,0xc9,0x9b,0x73,
    0x07,0x80,0x11,0x01,0x40,0x25,0x98,0x10,0x02,0x08,0x32,0xe8,0xac,0x00,0xc9,0x9a,0xc9,0xad,0x08,0x90,
    0xab,0x88,0xdb,0x2a,0x47,0x01,0x19,0x23,0x08,0x65,0x02,0x89,0x11,0x81,0x20,0x03,0xec,0x8a,0x80,0xbb,
    0x9a,0xdc,0xab,0x00,0xb9,0x9b,0xb0,0xbe,0x61,0x25,0x88,0x31,0x82,0x58,0x35,0x80,0x18,0x02,0x80,0x42,
    0xc2,0xad,0x88,0xb9,0x8c,0xb9,0xbe,0x0a,0x90,0xbb,0x88,0xeb,0x2a,0x37,0x01,0x38,0x13,0x19,0x66,0x02,
    0x88,0x11,0x80,0x20,0x13,0xdc,0x9a,0xa8,0xac,0x98,0xfb,0x9b,0x80,0xaa,0x89,0xc8,0x9c,0x73,0x03,0x10,
    0x23,0x88,0x72,0x24,0x80,0x11,0x00,0x19,0x43,0xc0,0xac,0xa8,0xdb,0x89,0xb9,0xaf,0x88,0xa9,0x0a,0x98,
    0xbc,0x70,0x14,0x08,0x32,0x81,0x48,0x36,0x00,0x10,0x01,0x88,0x38,0x0f,0x2e,0x00,0x24,0xd9,0x9b,0xb9,
    0xcc,0x88,0xd9,0x9c,0x98,0xaa,0x09,0xa8,0x8d,0x73,0x02,0x10,0x14,0x80,0x52,0x14,0x81,0x21,0x00,0x19,
    0x43,0xb8,0xae,0xa8,0xcc,0x89,0xb9,0xbc,0x9a,0xca,0x89,0xa8,0xac,0x64,0x03,0x20,0x24,0x80,0x62,0x33,
    0x10,0x21,0x82,0x09,0x35,0xb0,0xad,0xba,0xbe,0x8a,0xb9,0xbd,0xaa,0xca,0x99,0xa8,0xab,0x55,0x23,0x30,
    0x25,0x81,0x62,0x33,0x11,0x32,0x81,0x19,0x35,0xa0,0xbc,0xeb,0xbc,0x99,0xba,0xbc,0xba,0xbc,0x9a,0xaa,
    0x8b,0x56,0x12,0x41,0x23,0x01,0x54,0x23,0x22,0x14,0x91,0x10,0x33,0xb8,0xcb,0xde,0xbb,0x9a,0xbb,0xbb,
    0xcc,0xac,0x9a,0xaa,0x39,0x36,0x22,0x53,0x22,0x21,0x36,0x33,0x42,0x12,0x80,0x31,0x22,0xb9,0xdc,0xcd,
    0xac,0xa9,0xb9,0xba,0xdb,0xbb,0x9a,0xba,0x48,0x27,0x12,0x42,0x22,0x20,0x45,0x22,0x23,0x03,0x90,0x21,
    0x13,0xca,0xdb,0xce,0xac,0x99,0xaa,0xa9,0xdb,0xba,0xaa,0x9a,0x72,0x24,0x11,0x33,0x01,0x42,0x26,0x23,
    0x23,0x81,0x89,0x31,0x81,0xa9,0xee,0xbd,0xab,0xa9,0xa9,0xba,0xcc,0xab,0xbb,0x09,0x57,0x22,0x22,0x11,
    0x10,0x44,0x42,0x33,0x03,0xa8,0x89,0x18,0x11,0xf9,0xbf,0xbb,0xab,0xa9,0xb9,0xba,0xcc,0xbd,0x89,0x74,
    0x33,0x21,0x22,0x80,0x30,0x53,0x33,0x92,0xbb,0xac,0x9a,0x08,0xc8,0xed,0xcb,0xab,0x88,0x88,0x99,0xba,
    0xbf,0x1a,0x57,0x13,0x32,0x02,0x99,0x10,0x22,0x33,0xb0,0xce,0xaa,0x89,0x08,0x91,0xdd,0xbb,0xbb,0x09,
    0x80,0xaa,0xdc,0xad,0x73,0x33,0x53,0x13,0x98,0x08,0x80,0x22,0x01,0xdb,0xbb,0xcb,0x8a,0x02,0xca,0xbc,
    0xbc,0xab,0x98,0xa9,0xbd,0xac,0x75,0x32,0x34,0x04,0x00,0x08,0x89,0x11,0x01,0xba,0xdb,0xca,0x9b,0x80,
    0xba,0xaa,0xbf,0xab,0xb9,0xb9,0xbb,0x8e,0x56,0x43,0x53,0x02,0x81,0x80,0x89,0x01,0x00,0x9a,0xca,0xcc,
    0x9a,0x99,0x9a,0x99,0xbd,0xac,0xbb,0xca,0xaa,0x0b,0x77,0x33,0x53,0x12,0x00,0x80,0x89,0x00,0x00,0x9a,
    0xba,0xdd,0x9a,0xb9,0xa9,0xb8,0xbc,0xad,0xbb,0xcb,0xba,0x1b,0x77,0x33,0x44,0x11,0x10,0x88,0x0a,0x80,
    0x00,0x8a,0xb9,0xcd,0xaa,0xaa,0x9a,0xc9,0xbb,0xbc,0xad,0xcb,0xba,0x49,0x37,0x44,0x34,0x11,0x00,0x98,
    0x09,0x08,0x80,0x88,0xcb,0xbc,0xbc,0xab,0x9a,0xab,0xcc,0xcb,0xdb,0xab,0x8b,0x65,0x43,0x44,0x03,0x11,
    0x90,0x99,0x98,0x80,0x08,0xa0,0xcc,0xca,0xcb,0x99,0xa9,0x99,0xbb,0xbd,0xbd,0xca,0x48,0x26,0x54,0x23,
    0x21,0x00,0x9a,0x9a,0x89,0x08,0x10,0xb9,0xcb,0xce,0xaa,0xa9,0x8a,0xa9,0xba,0xdc,0xcb,0x8b,0x64,0x43,
    0x36,0x12,0x02,0xa0,0xaa,0xa9,0x89,0x18,0x82,0xa9,0xfa,0xbc,0xba,0x9b,0x99,0x99,0xba,0xbd,0xae,0x38,
    0x36,0x46,0x24,0x12,0x81,0x99,0xab,0xaa,0x0a,0x11,0x80,0xa1,0xce,0xcb,0xab,0x9b,0x89,0x88,0xb9,0xfb,
    0x8a,0x34,0x65,0x44,0x22,0x02,0x90,0xaa,0xbb,0xab,0x08,0x11,0x11,0xd9,0xbc,0xbd,0xbb,0xaa,0x88,0x88,
    0xb9,0xad,0x61,0x52,0x46,0x33,0x23,0x82,0xa9,0xdb,0xab,0x9a,0x00,0x11,0x82,0xcb,0xdc,0xcb,0xaa,0x99,
    0x88,0x88,0xb9,0x59,0x34,0x66,0x33,0x43,0x12,0x90,0xba,0xbc,0xab,0x89,0x00,0x12,0xa8,0xdb,0xbe,0xbb,
    0xac,0x89,0x88,0x98,0x1a,0x27,0x73,0x44,0x22,0x33,0x80,0x99,0xbc,0xcb,0x8a,0x89,0x21,0x90,0xa8,0xdc,
    0xac,0xbb,0x9b,0x99,0x89,0x99,0x73,0x34,0x47,0x23,0x43,0x01,0x90,0xb9,0xbc,0xab,0x99,0x18,0x01,0x89,
    0xd9,0xbd,0xdb,0xba,0x99,0x98,0x88,0x38,0x36,0x65,0x24,0x33,0x23,0x81,0xa9,0xcc,0xbb,0xaa,0x09,0x10,
    0x81,0x90,0xdd,0xbb,0xcc,0x9a,0x99,0x09,0x09,0x62,0x53,0x54,0x33,0x43,0x11,0x88,0xc9,0xbb,0xbb,0xaa,
    0x18,0x11,0x00,0xc8,0xcd,0xbc,0xac,0xaa,0x89,0x88,0x28,0x37,0x63,0x44,0x22,0x23,0x01,0xa8,0xcb,0xbc,
    0xaa,0x8a,0x00,0x11,0x01,0xda,0xcc,0xdb,0xaa,0x9a,0x89,0x08,0x41,0x35,0x55,0x33,0x53,0x12,0x80,0xa8,
    0xcb,0xcb,0xaa,0x88,0x10,0x11,0x80,0xca,0xcd,0xcb,0xba,0xa9,0x88,0x08,0x72,0x33,0x55,0x24,0x32,0x12,
    0x80,0xb9,0xbd,0xbb,0xab,0x89,0x20,0x22,0x80,0xdb,0xcd,0xbc,0xba,0x9a,0x09,0x19,0x54,0x53,0x54,0x23,
    0x33,0x13,0x80,0xca,0xad,0xbb,0xab,0x88,0x20,0x22,0x81,0xca,0xce,0xcb,0xba,0x8a,0x89,0x08,0x44,0x53,
    0x45,0x23,0x34,0x12,0x80,0xb9,0xcc,0xbb,0xab,0x99,0x20,0x22,0x11,0xb9,0xde,0xcb,0xbb,0x9b,0x89,0x09,
    0x72,0x33,0x46,0x33,0x34,0x13,0x01,0xb9,0xbd,0xcb,0x9c,0x89,0x18,0x21,0x11,0x98,0xeb,0xbc,0xbb,0xac,
    0x89,0x09,0x31,0x36,0x54,0x34,0x43,0x23,0x01,0x90,0xcc,0xba,0xbc,0x99,0x09,0x22,0x21,0x81,0xca,0xcd,
    0xbc,0xba,0x9a,0x98,0x10,0x54,0x53,0x54,0x22,0x24,0x11,0x08,0xba,0xac,0xbc,0x9b,0x89,0x20,0x13,0x22,
    0xb8,0xbe,0xbe,0xbb,0xab,0x89,0x08,0x41,0x26,0x54,0x24,0x33,0x14,0x01,0x98,0xbc,0xcb,0xac,0x98,0x08,
    0x22,0x21,0x81,0xca,0xec,0xba,0xbb,0x99,0x88,0x10,0x63,0x53,0x44,0x24,0x42,0x11,0x80,0xb9,0xcb,0xdb,
    0x9a,0x98,0x20,0x22,0x22,0xa0,0xcc,0xcd,0xba,0xba,0x98,0x80,0x21,0x45,0x53,0x44,0x32,0x24,0x01,0x90,
    0xca,0xbb,0xbd,0x99,0x88,0x31,0x23,0x12,0xc9,0xdc,0xbc,0xbb,0xab,0x88,0x10,0x31,0x46,0x53,0x44,0x32,
    0x33,0x01,0x98,0xeb,0xbb,0xcb,0x8a,0x08,0x31,0x23,0x12,0xd9,0xcc,0xad,0xbb,0x9a,0x88,0x18,0x31,0x36,
    0x45,0x53,0x32,0x23,0x01,0x98,0xcc,0xcb,0xab,0x8a,0x08,0x32,0x33,0x03,0xda,0xdc,0xbc,0xbb,0x9a,0x88,
    0x10,0x21,0x45,0x53,0x35,0x43,0x33,0x02,0x80,0xcc,0xbb,0xcc,0x99,0x88,0x22,0x23,0x23,0xa0,0xec,0xdb,
    0xba,0x9b,0x09,0x10,0x01,0x40,0x24,0x73,0x24,0x43,0x14,0x01,0x90,0xcb,0xda,0xbb,0x99,0x08,0x33,0x53,
    0x12,0xa0,0xdb,0xcc,0xab,0x9a,0x09,0x20,0x00,0x31,0x13,0x66,0x43,0x53,0x33,0x11,0x91,0xcc,0xcb,0xac,
    0x8a,0x09,0x42,0x32,0x23,0x80,0xdb,0xcc,0xbb,0x9a,0x89,0x12,0x02,0x01,0x18,0x22,0x77,0x33,0x45,0x12,
    0x01,0xb8,0xbc,0xbd,0xab,0x99,0x31,0x34,0x34,0x02,0xa9,0xcc,0xbc,0xbb,0x89,0x10,0x23,0x01,0xb8,0x0b,
    0x10,0x77,0x25,0x44,0x12,0x00,0xb9,0xbc,0xcc,0x9b,0x88,0x41,0x32,0x43,0x01,0xa9,0xd6,0x05,0x33,0x00,
    0xbd,0xbb,0x8a,0x00,0x33,0x13,0x90,0xce,0x0a,0x0a,0x56,0x24,0x35,0x12,0x00,0xca,0xbc,0xdb,0x8a,0x88,
    0x32,0x34,0x33,0x81,0xb9,0xcd,0xbb,0x9a,0x08,0x31,0x15,0x01,0xc8,0xbd,0x9a,0x09,0x46,0x44,0x43,0x12,
    0x80,0xcb,0xbc,0xcb,0x8a,0x18,0x52,0x23,0x23,0x81,0xca,0xcb,0xbb,0x9a,0x10,0x42,0x23,0x01,0xda,0xbe,
    0xbb,0x1a,0x52,0x46,0x43,0x22,0x81,0xb8,0xdc,0xab,0xab,0x08,0x31,0x35,0x14,0x12,0x99,0xca,0xbb,0xab,
    0x09,0x22,0x53,0x03,0x88,0xfb,0xbc,0xac,0x8a,0x32,0x56,0x34,0x32,0x02,0xa9,0xcc,0xbc,0xaa,0x0a,0x21,
    0x34,0x24,0x12,0x90,0xba,0xcc,0x99,0x89,0x22,0x12,0x22,0xc8,0xca,0xcd,0xab,0xbb,0x09,0x54,0x54,0x53,
    0x12,0x02,0xa0,0xac,0xbc,0x9c,0x89,0x28,0x33,0x33,0x14,0x80,0x9a,0xbb,0x8a,0x08,0x31,0x83,0xab,0xfb,
    0xaf,0xa9,0x9a,0x99,0xbb,0xaa,0x70,0x44,0x46,0x23,0x33,0x80,0xba,0xce,0xbb,0xaa,0x08,0x32,0x44,0x12,
    0x01,0x88,0xa9,0x09,0x81,0x31,0xc2,0xab,0xed,0xab,0xb9,0x18,0x01,0x00,0xf9,0xac,0xab,0x41,0x65,0x44,
    0x32,0x12,0xa9,0xeb,0xcb,0xaa,0x09,0x30,0x43,0x23,0x02,0xa8,0xaa,0xaa,0x38,0x24,0x33,0xc2,0xcc,0xcc,
    0xab,0x89,0x20,0x23,0x81,0xd9,0xbe,0xac,0x18,0x54,0x36,0x33,0x23,0xb0,0xeb,0xcc,0x9a,0x89,0x21,0x33,
    0x33,0x01,0xb8,0xac,0x99,0x31,0x26,0x33,0x91,0xcc,0xcc,0xab,0x99,0x30,0x24,0x32,0xa0,0xcc,0xbd,0xac,
    0x19,0x63,0x34,0x35,0x12,0x80,0xdb,0xbb,0xac,0x09,0x10,0x43,0x22,0x01,0xa9,0xbc,0x89,0x30,0x46,0x14,
    0x11,0xb9,0xbd,0xbc,0x9a,0x10,0x52,0x23,0x02,0xb8,0xdd,0xba,0x9b,0x08,0x63,0x34,0x34,0x03,0x81,0xc9,
    0xcb,0xba,0x9a,0x00,0x31,0x33,0x10,0xa0,0xbb,0x9b,0x63,0x54,0x35,0x20,0xa1,0xdc,0xba,0xad,0x80,0x28,
    0x43,0x21,0x82,0xba,0xdc,0xab,0x99,0x18,0x12,0x30,0x34,0x62,0x44,0x32,0x23,0x90,0xca,0xdd,0xaa,0x9b,
    0x08,0x31,0x24,0x23,0x80,0x98,0xa8,0x50,0x25,0x53,0x82,0xaa,0xfc,0xab,0xa9,0x19,0x22,0x43,0x13,0x90,
    0xcc,0xcb,0xbb,0x09,0x01,0x51,0x25,0x42,0x33,0x22,0x03,0xc9,0xca,0xcc,0x9a,0x8a,0x18,0x32,0x33,0x13,
    0x90,0x19,0x88,0x73,0x14,0x23,0xa1,0xaa,0xce,0xaa,0xab,0x9a,0x89,0x00,0x18,0xa0,0xbd,0xfb,0xac,0xcb,
    0xab,0xa0,0x79,0x37,0x53,0x14,0x01,0xa0,0xbc,0xcb,0x9b,0x18,0x41,0x33,0x23,0x90,0xbb,0xbc,0x29,0x22,
    0x47,0x00,0x90,0xdb,0xaa,0x9a,0x32,0x44,0x24,0x01,0xb8,0xcc,0xba,0x9a,0x90,0x18,0xb8,0xbb,0xdd,0x99,
    0x8a,0x10,0x21,0x77,0x15,0x34,0x81,0x08,0xdb,0xab,0xcb,0x09,0x21,0x52,0x22,0x01,0x99,0xba,0x8b,0x32,
    0x62,0x14,0x99,0xd9,0xad,0x98,0x18,0x24,0x33,0x03,0x89,0xeb,0x8a,0x98,0x42,0x02,0x00,0xfa,0xab,0xcb,
    0x18,0x20,0x34,0x01,0xb0,0xbd,0x9a,0x1b,0x36,0x42,0x03,0xb9,0xdb,0x9a,0x39,0x47,0x32,0x24,0xb9,0xb9,
    0xbf,0x88,0x80,0x43,0x12,0x01,0xa9,0xbb,0x0b,0x32,0x65,0x12,0x88,0xe9,0x9c,0xa9,0x08,0x22,0x32,0x82,
    0x99,0xbd,0x9b,0x99,0x62,0x12,0x35,0x81,0x11,0xca,0xaa,0xbc,0x8a,0x89,0x43,0x23,0x35,0x00,0x11,0xab,
    0x80,0xab,0x12,0x00,0x44,0x10,0x03,0x18,0x83,0x8b,0xf9,0xef,0xba,0xbd,0xa9,0x8a,0x00,0x80,0xc8,0xae,
    0xcb,0x7b,0x37,0x52,0x14,0x88,0xb8,0xae,0x9a,0x89,0x22,0x43,0x12,0x00,0xda,0x99,0xa8,0x41,0x12,0x22,
    0xb0,0xac,0xcb,0x09,0x21,0x25,0x01,0xa1,0xbd,0x98,0x0a,0x25,0x22,0x02,0xdb,0xda,0x9a,0x08,0x52,0x13,
    0x21,0xb8,0xac,0xca,0x29,0x12,0x53,0x81,0x99,0xcc,0x99,0x08,0x34,0x32,0x13,0xba,0xcb,0x9c,0x10,0x42,
    0x23,0x80,0xda,0xac,0xaa,0x40,0x33,0x35,0x82,0xa8,0xdb,0xab,0x99,0x31,0x33,0x24,0x98,0xaa,0xab,0x88,
    0x54,0x22,0x82,0xc9,0xbc,0xaa,0x08,0x54,0x23,0x02,0xc0,0xac,0x9a,0x0a,0x33,0x33,0x01,0xb9,0xbf,0xa9,
    0xa8,0x41,0x00,0x62,0x03,0x28,0x83,0x28,0x45,0x01,0xa9,0xfc,0xaa,0x9a,0x18,0x53,0x32,0x12,0xa0,0xba,
    0xca,0x09,0x32,0x22,0x85,0x9a,0xab,0xa9,0x89,0x21,0x00,0x01,0xcb,0x98,0x90,0x51,0x02,0x41,0x80,0x19,
    0x89,0x00,0x98,0x90,0x9a,0xa9,0x8b,0x11,0x51,0x02,0x20,0x90,0x0c,0xa0,0x40,0x31,0x11,0x00,0xb0,0xba,
    0xaa,0x9d,0x80,0x09,0x41,0x81,0x99,0xaa,0x20,0x33,0x22,0x11,0xc9,0xaa,0xcb,0x28,0x32,0x42,0x24,0x12,
    0xa0,0xcc,0xab,0xaa,0x21,0x34,0x42,0x01,0x92,0xb8,0x98,0xa9,0x01,0xa9,0x00,0x90,0x41,0x80,0x11,0x99,
    0xba,0xaa,0x19,0x30,0x22,0x32,0xc2,0xa8,0xaa,0x8c,0x99,0x19,0x11,0x00,0x12,0x98,0x11,0x10,0x00,0x80,
    0xa9,0x08,0x10,0x00,0x08,0x11,0x80,0x09,0x99,0x80,0x88,0x08,0x82,0x89,0x08,0x98,0x89,0x10,0x18,0x08,
    0x91,0x08,0x00,0x90,0x00,0x00,0x18,0x08,0x01,0x00,0x08,0x81,0x08,0x00,0x90,0x90,0x09,0x08,0x10,0x10,
    0x01,0x00,0x09,0x00,0x89,0x98,0x12,0x08,0x80,0x88,0x89,0x10,0x8a,0x98,0x01,0x08,0x91,0x90,0x01,0x08,
    0x00,0x00,0x10,0x90,0x00,0x10,0x80,0x10,0x89,0x10,0x00,0x00,0x00,0x00,0x80,0x88,0x00,0x00,0x00,0x00,
    0x00,0x00,0x00,0x00,0x08,0x00,0x00,0x00,0x00,0x00,0x00,0x00,0x00,0x00,0x00,0x00,0x00,0x00,0x00,0x00,
    0x00,0x00,0x00,0x00,0x00,0x00,0x00,0x00,0x00,0x00,0x00,0x00,0x00,0x00,0x08,0x00,0x00,0x00,0x00,0x00,
    0x00,0x08,0x00,0x00,0x00,0x00,0x00,0x90,0x10,0x00,0x00,0x08,0x00,0x80,0x00,0x00,0x90,0x01,0x00,0x00,
    0x00,0x00,0x00,0x00,0x00,0x00,0x80,0x00,0x00,0x98,0x01,0x08,0x00,0x80,0x08,0x00,0x00,0x80,0x00,0x00,
    0x00,0x00,0x00,0x00,0x00,0x98,0x01,0x00,0x00,0x00,0x00,0x00,0x00,0x00,0x80,0x08,0x00,0x80,0x08,0x00,
    0x98,0x01,0x00,0x08,0x80,0x08,0x08,0x00,0x88,0x80,0x00,0x00,0x00,0x08,0x00,0x00,0x00,0x08,0x98,0x01,
    0x00,0x00,0x80,0x09,0x01,0x00,0x89,0x01,0x00,0x08,0x00,0x00,0x80,0x00,0x90,0x18,0x00,0x09,0x00,0x01,
    0x00,0x80,0x09,0x81,0x19,0x80,0x98,0x01,0x00,0x08,0x80,0x19,0x00,0x00,0x00,0x88,0x90,0x10,0x00,0x00,
    0x19,0x80,0x00,0x00,0x80,0x80,0x08,0x00,0x80,0x98,0x11,0x99,0x01,
};
enum { SEARCH_ZH_SAMPLES=20395, SEARCH_ZH_BLOCK=1024 };
static const uint8_t search_yue[] = {
    0xfe,0xff,0x00,0x00,0x01,0x2a,0x90,0x10,0x80,0x1a,0x00,0x01,0x09,0x81,0x09,0x90,0x01,0x00,0x00,0x00,
    0x00,0x18,0x00,0x00,0x90,0x00,0x81,0x88,0x09,0x08,0x01,0x09,0x91,0x10,0x08,0x80,0x09,0x00,0x81,0x88,
    0x90,0x10,0x00,0x88,0x19,0x08,0x09,0x01,0x98,0x19,0x81,0x88,0x09,0x81,0x80,0x1a,0x08,0x01,0x09,0x81,
    0x09,0x10,0x00,0x19,0x98,0x00,0x81,0x90,0x08,0x81,0x08,0x00,0x1a,0x00,0x01,0x98,0x00,0x19,0x88,0x91,
    0x19,0x88,0x99,0x82,0x09,0x80,0x19,0x01,0x80,0xaa,0x10,0xaa,0x11,0x28,0x01,0x56,0x00,0x23,0xa9,0xea,
    0xa9,0xcc,0x20,0x88,0x30,0x16,0x8a,0xf9,0xaf,0xaa,0xac,0x89,0x14,0x74,0x47,0x10,0x91,0xbb,0xbd,0xba,
    0x19,0x34,0x34,0x42,0xa1,0x9b,0xb8,0x0c,0x33,0xa0,0x41,0xfd,0x99,0x9b,0x01,0x60,0x14,0x20,0x80,0xdb,
    0x18,0xb0,0x61,0x91,0x88,0xb9,0xbd,0x08,0x00,0x53,0x43,0x80,0x11,0xa9,0x08,0x80,0x09,0x81,0xbd,0xaa,
    0xbc,0x0a,0x47,0x42,0x26,0x81,0x98,0xbd,0xac,0x8a,0x20,0x24,0x92,0xda,0xdd,0xbb,0xbb,0x3b,0x77,0x13,
    0x26,0x90,0x98,0xeb,0x9a,0x88,0x18,0x24,0x11,0x00,0xa8,0xab,0x11,0x20,0x45,0x81,0x9a,0xda,0xac,0x00,
    0x10,0x34,0x12,0x88,0xa9,0xad,0x1a,0x23,0x63,0x14,0x99,0xa8,0xbe,0x99,0xa9,0x8a,0xca,0x9d,0xab,0x29,
    0x77,0x24,0x34,0x80,0xa8,0xdc,0xab,0x99,0x19,0x34,0x22,0x02,0x90,0x9b,0x00,0x50,0x34,0x01,0xa8,0xfc,
    0xab,0xa9,0x28,0x32,0x24,0x01,0xc9,0xbc,0x08,0x30,0x37,0x13,0x90,0xdd,0xcb,0x9c,0x28,0x42,0x45,0x12,
    0x00,0xb8,0xbc,0xaa,0x9a,0x41,0x21,0x11,0x81,0xca,0x18,0x10,0x45,0x33,0x01,0xb8,0xce,0xb9,0x9a,0x10,
    0x11,0x10,0xc9,0xbd,0xbb,0xbc,0xaa,0x39,0x77,0x34,0x42,0x02,0x99,0xda,0xad,0x8a,0x88,0x31,0x24,0x10,
    0x80,0xaa,0x0a,0x33,0x73,0x24,0xa0,0xaa,0xfc,0x9a,0x80,0x30,0x24,0x02,0x81,0xba,0xac,0xaa,0x8a,0x80,
    0xdc,0xcb,0x8a,0x45,0x73,0x24,0x11,0xa0,0xeb,0xaa,0xaa,0x29,0x32,0x43,0x22,0xa0,0x9a,0x9a,0x38,0x37,
    0x12,0x82,0xdc,0xac,0x9a,0x09,0x43,0x11,0x02,0xfa,0xbb,0xca,0x8b,0x51,0x45,0x42,0x13,0x98,0xba,0xcd,
    0x9b,0x80,0x30,0x24,0x02,0x80,0xc9,0x0a,0x11,0x63,0x33,0x92,0xba,0xed,0x9b,0x08,0x11,0x25,0x81,0x99,
    0xeb,0xbb,0x99,0x89,0x42,0x46,0x23,0x24,0x91,0xb9,0xcc,0xbc,0x88,0x09,0x34,0x21,0x21,0x80,0x9a,0x10,
    0x38,0x35,0x02,0xb9,0xfb,0xbc,0x88,0x00,0x42,0x82,0xab,0xfb,0xad,0xa9,0xaa,0x31,0x56,0x34,0x24,0x82,
    0xa9,0xdc,0xab,0x9a,0x08,0x43,0x22,0x13,0x80,0xaa,0x18,0x48,0x35,0x12,0xa8,0xdc,0xac,0x99,0x10,0x23,
    0x03,0xba,0xfc,0xac,0xa9,0xaa,0x31,0x57,0x33,0x34,0x82,0xaa,0xcd,0xac,0x89,0x08,0x33,0x32,0x12,0x88,
    0xab,0x18,0x41,0x36,0x13,0xa9,0xe9,0xad,0x99,0x80,0x20,0x03,0x9a,0xd9,0xcd,0x9a,0x9a,0x60,0x36,0x43,
    0x23,0x98,0xca,0xcd,0x9a,0x89,0x30,0x24,0x12,0x81,0xb8,0x9a,0x10,0x52,0x34,0x82,0x99,0xec,0x9b,0x89,
    0x00,0x31,0xa1,0xa9,0xdd,0xab,0xab,0x1a,0x76,0x33,0x44,0x82,0xa8,0xda,0xbc,0x8a,0x88,0x43,0x22,0x02,
    0x80,0xba,0x88,0x21,0x36,0x24,0x88,0xc9,0xbd,0x9a,0x88,0x20,0x03,0x99,0xda,0xbd,0xab,0xab,0x71,0x46,
    0x32,0x24,0x88,0xba,0xdd,0x9a,0x88,0x28,0x33,0x22,0x00,0xb8,0x0b,0x10,0x45,0x43,0x82,0x9a,0xdc,0xab,
    0x89,0x80,0x41,0xa8,0x98,0xdc,0xba,0xaa,0x09,0x77,0x23,0x53,0x81,0x99,0xdb,0xac,0x09,0x09,0x33,0x32,
    0x81,0x90,0xbb,0x20,0x63,0x43,0x15,0x9a,0xb9,0xae,0x99,0x00,0x18,0x83,0x9a,0xca,0xcc,0xaa,0x99,0x71,
    0x37,0x41,0x13,0x99,0xba,0xce,0x99,0x88,0x31,0x22,0x02,0x08,0xb9,0x19,0x41,0x25,0x34,0xa0,0xaa,0xcd,
    0x9b,0x08,0x08,0x32,0xba,0xca,0xdb,0xbc,0x89,0x39,0x77,0x33,0x43,0x90,0xb9,0xdc,0x9b,0x88,0x28,0x23,
    0x13,0x08,0xb8,0x0b,0x42,0x36,0x33,0x94,0xab,0xdc,0xaa,0x09,0x81,0x11,0xb8,0xbb,0xae,0xaa,0x8a,0x09,
    0x74,0x37,0x33,0x04,0xa9,0xbb,0xcd,0x8a,0x00,0x11,0x02,0x91,0x8b,0x10,0x62,0x44,0x13,0x00,0xb9,0xad,
    0x8a,0x98,0x08,0xb8,0xbd,0x9b,0xa9,0x28,0xb1,0xbc,0x9c,0x77,0x25,0x32,0x93,0xba,0xcc,0xac,0x08,0x01,
    0x11,0x80,0xb9,0x1a,0x43,0x45,0x24,0x81,0x98,0xba,0x9a,0x18,0xc0,0xaa,0xdd,0xab,0x08,0x81,0x12,0xd8,
    0xbc,0x3a,0x77,0x23,0x14,0x98,0xbb,0xac,0x8a,0x20,0x11,0xa8,0xaa,0x9d,0x51,0x43,0x43,0x02,0xa9,0x99,
    0x88,0x10,0x91,0xcf,0xab,0xbb,0x18,0x23,0x82,0xda,0xbd,0x9b,0x74,0x17,0x12,0x81,0xba,0xab,0x89,0x10,
    0x01,0xc9,0xac,0x99,0x40,0x36,0x22,0x00,0x98,0x89,0x42,0x13,0xb9,0xfc,0xbc,0x89,0x00,0x21,0x91,0xdb,
    0xab,0x8a,0x51,0x57,0x22,0x10,0xa8,0xab,0x89,0x80,0x88,0xcb,0xbd,0x0a,0x32,0x53,0x14,0x81,0x08,0x32,
    0x53,0x23,0xc0,0xbe,0xbb,0x9c,0x10,0x81,0xa9,0xca,0xbb,0x19,0x22,0x73,0x57,0x02,0x01,0x90,0xa9,0x8a,
    0xb8,0xba,0xbb,0xcc,0x29,0x23,0x32,0x35,0x12,0x62,0x34,0x12,0x01,0xfa,0xbb,0xba,0xaa,0x99,0xb9,0xad,
    0x89,0xa9,0x18,0x00,0x73,0x77,0x04,0x01,0x89,0xa9,0x88,0x90,0xba,0xbb,0xbc,0x28,0x24,0x12,0x22,0x13,
    0x74,0x24,0x12,0x88,0xda,0xab,0x9a,0xbb,0xbb,0xdb,0x9b,0x89,0x99,0x8a,0x30,0x77,0x37,0x11,0x00,0x89,
    0x99,0x10,0xc9,0xbc,0xab,0x9a,0x31,0x01,0xa8,0x70,0x24,0x44,0x22,0x81,0x09,0x98,0xca,0xcb,0xcc,0x9b,
    0x99,0xa9,0xaa,0xab,0x8a,0x72,0x64,0x35,0x01,0x00,0x00,0x80,0x80,0xfa,0xab,0x9a,0x98,0x88,0x99,0x89,
    0x71,0x25,0x22,0x32,0x22,0x20,0x91,0xdc,0xac,0xba,0xab,0xbb,0xbd,0xbb,0x8a,0x98,0x20,0x76,0x36,0x01,
    0x11,0x10,0x01,0x00,0xda,0xbc,0x8a,0x99,0xba,0xab,0x9a,0x71,0x24,0x22,0x42,0x25,0x11,0x01,0xba,0xbb,
    0xc9,0xdc,0xab,0xbb,0xab,0xaa,0xac,0x8a,0x74,0x54,0x12,0x18,0x22,0x23,0x80,0xb9,0xbd,0x99,0xb8,0xdd,
    0x9a,0x88,0x18,0x21,0x11,0x64,0x34,0x12,0x00,0x11,0x99,0xca,0xcc,0xbc,0x99,0xcb,0xbb,0xab,0x99,0x40,
    0x57,0x02,0x20,0x24,0x23,0x00,0x00,0xaa,0x99,0xea,0xcc,0x8a,0xa8,0x9b,0x19,0x21,0x53,0x35,0x22,0x42,
    0x14,0x88,0x89,0xba,0x97,0x0d,0x33,0x00,0xbe,0xba,0xbe,0x9a,0xbb,0x8a,0x73,0x04,0x18,0x34,0x24,0x11,
    0x21,0x81,0x00,0x99,0xcd,0x9a,0xba,0xbe,0x89,0x81,0x89,0x42,0x23,0x53,0x24,0x11,0x00,0x91,0xbc,0xac,
    0xcc,0xbc,0xbb,0xab,0x38,0x84,0x0a,0x56,0x23,0x01,0x63,0x12,0x00,0x20,0x88,0xab,0xb9,0xce,0x8a,0x99,
    0x9c,0x28,0x00,0x10,0x63,0x13,0x21,0x01,0xa9,0xba,0xdd,0xcc,0xbb,0xab,0x30,0xc1,0x8c,0x45,0x03,0x08,
    0x45,0x03,0x18,0x32,0x82,0x9a,0xa9,0xdb,0x9a,0xd9,0xac,0x10,0xa0,0x09,0x44,0x81,0x30,0x12,0xb9,0xac,
    0xc9,0xcf,0xbb,0x9a,0x19,0xa3,0xad,0x54,0x13,0x88,0x73,0x14,0x88,0x32,0x12,0x9a,0x09,0xa9,0xcb,0xba,
    0xac,0x88,0xda,0x19,0x26,0xa8,0x38,0x15,0xc9,0x1a,0xa1,0xbe,0xbb,0xba,0x0a,0x84,0xae,0x51,0x13,0x99,
    0x73,0x04,0x00,0x41,0x02,0x98,0x18,0xa0,0xbb,0x9a,0xba,0x8c,0xca,0x0c,0x25,0xc8,0x18,0x15,0xb8,0x0b,
    0x02,0xed,0x9a,0xa8,0x99,0x02,0xcc,0x40,0x23,0xa9,0x72,0x15,0x08,0x41,0x12,0x89,0x20,0x91,0xcb,0x09,
    0xb8,0x9c,0xaa,0x8a,0x02,0xe8,0x39,0x06,0xaa,0x1a,0x92,0xce,0xaa,0x99,0x8d,0x12,0xbc,0x48,0x23,0xb8,
    0x72,0x06,0x00,0x41,0x02,0x88,0x12,0x91,0xaa,0x09,0xb9,0xbc,0xba,0x89,0xa8,0xba,0x58,0x91,0x9e,0x09,
    0xda,0xcc,0xba,0xac,0x29,0xb0,0x9f,0x52,0x01,0x0a,0x55,0x82,0x10,0x44,0x01,0x09,0x22,0xa1,0xac,0x11,
    0xb9,0xad,0x08,0xa8,0xba,0x18,0x03,0xcc,0x89,0xa0,0xed,0xaa,0xba,0xad,0x28,0xd0,0x8b,0x25,0x92,0x4a,
    0x27,0x81,0x21,0x35,0x80,0x28,0x32,0xba,0x0c,0x82,0xeb,0x9a,0x81,0xc9,0x09,0x10,0x98,0x9b,0x00,0xfa,
    0xbc,0x99,0xcd,0x9b,0x21,0xf9,0x0a,0x24,0x90,0x49,0x26,0x00,0x31,0x25,0x90,0x20,0x13,0xc9,0x09,0x91,
    0xbc,0x8c,0x81,0xbb,0x89,0x21,0xc9,0x1a,0xa0,0xec,0xab,0xb9,0xdf,0x89,0x00,0xd9,0x18,0x22,0x88,0x60,
    0x25,0x00,0x42,0x24,0x80,0x30,0x12,0xba,0x1a,0xa2,0xbf,0x8a,0x90,0xac,0x08,0x00,0x9a,0x08,0xb0,0xdd,
    0xa9,0xda,0xae,0x89,0x88,0xd9,0x18,0x12,0x81,0x70,0x34,0x11,0x43,0x34,0x01,0x21,0x22,0xb9,0x8b,0xa1,
    0xde,0xaa,0x08,0xca,0x8a,0x21,0xb8,0x0c,0x82,0xeb,0xab,0xb8,0xcf,0x8a,0x00,0xda,0x29,0x03,0x91,0x70,
    0x25,0x10,0x42,0x43,0x80,0x21,0x12,0xb9,0x1b,0xa1,0xce,0x9b,0x81,0xbc,0x09,0x11,0xd8,0x2a,0x81,0xcc,
    0x8b,0xd0,0xad,0x89,0x01,0xbd,0x30,0x03,0xa0,0x74,0x14,0x10,0x43,0x14,0x08,0x12,0x82,0xca,0x18,0xc0,
    0xac,0x8b,0xa1,0x9e,0x80,0x10,0xb9,0x00,0xa9,0xe9,0x8c,0xca,0x9c,0x08,0xd2,0x8b,0x15,0x81,0x39,0x47,
    0x00,0x22,0x34,0x81,0x20,0x12,0xa9,0x8b,0xc0,0xcc,0xaa,0x8a,0xbb,0x80,0x8e,0x01,0x98,0xeb,0x00,0xea,
    0xab,0x8b,0x08,0xd8,0x8a,0x45,0xa1,0x38,0x47,0x01,0x30,0x25,0x80,0x20,0x11,0xa9,0xaa,0x99,0xf9,0xab,
    0x99,0x98,0xba,0x89,0x32,0xfa,0x8d,0x81,0xfb,0x9b,0x00,0x10,0xad,0x41,0x12,0x98,0x73,0x05,0x10,0x41,
    0x02,0x18,0x01,0x08,0xaa,0xaa,0xac,0xb9,0xaf,0x98,0x81,0xca,0x28,0x92,0xec,0x1a,0xa0,0xaf,0x09,0x13,
    0xda,0x28,0x35,0xa8,0x78,0x13,0x80,0x31,0x15,0x88,0x08,0x00,0xba,0x9a,0xbb,0xb9,0xcd,0x8a,0x02,0xdb,
    0x38,0xa1,0xbe,0x09,0xf9,0x9b,0x19,0x14,0x9d,0x41,0x23,0xa8,0x65,0x01,0x00,0x32,0x92,0x18,0x99,0x98,
    0xbb,0xeb,0x9a,0xb8,0xcb,0x1a,0x85,0xbb,0x21,0xd1,0xaf,0x80,0xcb,0x8a,0x34,0xca,0x40,0x34,0xa0,0x63,
    0x12,0x02,0x40,0x81,0x10,0xaa,0xa9,0xab,0xfa,0x9b,0x80,0xc9,0x1c,0x13,0xba,0x39,0xe3,0x9e,0xa8,0xbb,
    0x2b,0x07,0x8a,0x42,0x43,0x18,0x34,0x31,0x82,0x33,0x88,0xa1,0x9d,0xe9,0xa9,0xab,0xa8,0x1c,0xb8,0x3a,
    0x02,0xd0,0x2b,0xf0,0xae,0xaa,0xb9,0x60,0x82,0x08,0x64,0x03,0x10,0x33,0x13,0x08,0x01,0x9a,0xbb,0xdd,
    0xab,0x99,0xba,0x9a,0x11,0x90,0x03,0x89,0x83,0xff,0xaf,0xa9,0xba,0x68,0x04,0x89,0x73,0x12,0x88,0x23,
    0x01,0x08,0x80,0xac,0x90,0xdb,0xac,0x10,0xa8,0x98,0x20,0x03,0x88,0x8a,0xa1,0xff,0xad,0x9a,0xaa,0x74,
    0x92,0x19,0x54,0x92,0x18,0x12,0x88,0x08,0xc9,0x8b,0x91,0xfb,0x0a,0x12,0x88,0x09,0x22,0x88,0x91,0xaa,
    0xce,0xcc,0xad,0xa9,0x70,0x04,0x89,0x42,0x05,0x88,0x01,0x80,0x89,0xa0,0x9f,0x11,0xa8,0xab,0x43,0x80,
    0x81,0x81,0x89,0x23,0xfc,0x9a,0xba,0xae,0xaa,0x70,0x15,0x89,0x31,0x06,0x88,0x81,0x89,0x09,0xb0,0x9f,
    0x01,0x91,0x8a,0x32,0x10,0x04,0xa9,0x8a,0x14,0xec,0xaa,0xb9,0xac,0x8b,0x75,0x83,0x08,0x53,0x82,0x19,
    0xa8,0xaa,0x29,0xf9,0x0c,0x11,0x81,0x19,0x03,0x31,0x83,0xeb,0x0b,0x83,0xaf,0xba,0xbb,0xab,0x48,0x77,
    0x81,0x10,0x32,0x98,0x90,0xbb,0x9b,0x00,0xce,0x28,0x21,0x01,0x31,0x02,0x52,0xa8,0xdc,0x09,0xb8,0xdb,
    0xac,0xcb,0x3a,0x77,0x81,0x08,0x23,0x90,0x89,0xcb,0x9a,0x01,0xdb,0x28,0x24,0x11,0x21,0x80,0x21,0xe1,
    0xae,0x08,0x98,0xba,0xca,0xac,0x60,0x46,0x80,0x08,0x22,0xa0,0xa9,0xcc,0x0a,0x01,0xb9,0x40,0x25,0x12,
    0x10,0xaa,0x28,0xe8,0xad,0x09,0x80,0x99,0xea,0x9b,0x73,0x27,0x88,0x09,0x12,0x99,0xba,0xbc,0x18,0x13,
    0x9a,0x61,0x24,0x11,0xa0,0xbb,0x18,0xe8,0xbc,0x08,0x01,0x90,0xce,0x2a,0x57,0x02,0xa8,0x08,0x01,0xa9,
    0xbc,0x8c,0x32,0x83,0x09,0x43,0x34,0x91,0xeb,0x9a,0x01,0xc9,0x9b,0x10,0x21,0xea,0x9d,0x72,0x25,0xa0,
    0x99,0x10,0x88,0xba,0xad,0x28,0x25,0x80,0x18,0x32,0x12,0xd9,0xbd,0x08,0x01,0xb9,0x9a,0x21,0xb1,0xbf,
    0x60,0x37,0x81,0xaa,0x08,0x88,0x99,0xbd,0x1a,0x45,0x01,0x08,0x10,0x11,0xa1,0xbf,0x8a,0x21,0x98,0x9a,
    0x09,0x80,0xbc,0x78,0x57,0x81,0x99,0x89,0x88,0x88,0xcb,0x0a,0x54,0x02,0x80,0x08,0x20,0x80,0xce,0x9a,
    0x11,0x01,0xa8,0xaa,0x89,0x8a,0x73,0x77,0x80,0x98,0x89,0x88,0x98,0xaa,0x2a,0x45,0x12,0x08,0x98,0x00,
    0x90,0xbf,0x8a,0x21,0x01,0xa8,0xdb,0x9b,0x30,0x77,0x04,0x98,0x99,0x98,0x88,0xb8,0xab,0x61,0x24,0x02,
    0x88,0x89,0x18,0xda,0xad,0x18,0x21,0x80,0xb9,0xbd,0x0a,0x74,0x26,0x91,0xa9,0x89,0x89,0x98,0xbb,0x2a,
    0x47,0x12,0x80,0x98,0x89,0x91,0xcd,0x8a,0x39,0xe6,0x43,0x00,0x21,0x00,0xc9,0xcc,0x19,0x65,0x23,0x90,
    0xba,0x99,0x88,0xa8,0xbc,0x49,0x36,0x13,0x90,0xa9,0x89,0xa0,0xbe,0x0a,0x21,0x11,0xb8,0xef,0x89,0x73,
    0x33,0xa1,0xaa,0xa9,0x08,0x98,0xcc,0x29,0x45,0x22,0x80,0xaa,0x09,0x90,0xcc,0x9a,0x11,0x22,0xc0,0xce,
    0x0a,0x64,0x24,0x90,0xa9,0x8a,0x88,0x90,0xbc,0x29,0x46,0x12,0x91,0xb9,0x89,0x80,0xbc,0x8a,0x20,0x22,
    0xd0,0xcf,0x09,0x55,0x13,0x90,0xaa,0x9a,0x00,0xb0,0xbc,0x38,0x37,0x23,0xa0,0xbb,0x09,0xa1,0xbc,0x8b,
    0x20,0x23,0xfa,0xaf,0x38,0x37,0x13,0xa9,0xab,0x8a,0x01,0xc9,0x9c,0x51,0x24,0x13,0xa9,0x9c,0x08,0xb8,
    0x9a,0x89,0x30,0x92,0xef,0x8a,0x73,0x24,0x91,0xa9,0xaa,0x00,0x90,0xcb,0x19,0x45,0x23,0x81,0xcb,0x89,
    0x88,0xaa,0x99,0x88,0x12,0xfa,0x9e,0x58,0x44,0x12,0xa8,0xab,0x89,0x00,0xba,0x9c,0x53,0x34,0x13,0xc9,
    0xaa,0x88,0x99,0x9a,0x9a,0x28,0xd1,0xbf,0x28,0x47,0x33,0x90,0xbb,0x9b,0x10,0xb8,0xad,0x38,0x36,0x24,
    0xa0,0xab,0x8a,0x98,0xb9,0xaa,0x0a,0x91,0xce,0x8b,0x67,0x33,0x82,0xb9,0xbb,0x08,0xa8,0xbc,0x18,0x45,
    0x25,0x81,0xaa,0x9b,0x99,0x89,0xca,0x89,0x90,0xdb,0x0a,0x57,0x24,0x12,0xa9,0xba,0x89,0x98,0xab,0x09,
    0x72,0x35,0x01,0x9a,0xab,0xab,0x89,0xd9,0x8a,0xaa,0xab,0x48,0x67,0x33,0x02,0x90,0xab,0x9a,0xaa,0xac,
    0x00,0x62,0x34,0x02,0xa9,0xca,0x9c,0x89,0xba,0xaa,0xb9,0xac,0x59,0x65,0x33,0x12,0x90,0xa9,0x09,0xa9,
    0xad,0x8a,0x42,0x26,0x83,0xb9,0xcb,0x9a,0x80,0xc9,0xbb,0xab,0xab,0x28,0x77,0x23,0x13,0x01,0x89,0x18,
    0x89,0xbb,0xaa,0x4b,0x47,0x01,0xaa,0xca,0x9b,0x00,0xb8,0xaf,0x9a,0x8b,0x08,0x45,0x43,0x22,0x21,0x90,
    0x11,0x20,0x98,0x12,0xda,0x80,0x81,0xbc,0x90,0xbf,0x8b,0x90,0xbd,0xda,0xcb,0x8b,0x51,0x33,0x14,0x02,
    0x80,0x52,0x43,0x11,0x10,0x98,0x89,0x19,0xca,0xba,0xeb,0xab,0x80,0xc8,0xdb,0xbc,0xbc,0x8a,0x42,0x23,
    0x33,0x21,0x31,0x57,0x23,0x12,0x02,0x80,0x80,0xfa,0xac,0x99,0x08,0x10,0xa8,0xbb,0xac,0xeb,0xbb,0x0c,
    0x10,0x33,0x13,0x84,0x53,0x35,0x53,0x11,0x08,0x88,0x98,0xb9,0xcc,0x9a,0x00,0x12,0x90,0x9c,0x8c,0xec,
    0x9b,0xab,0x98,0x34,0x23,0x22,0x31,0x55,0x23,0x02,0x80,0x00,0x08,0xc9,0x9c,0x09,0x01,0x01,0xd8,0xba,
    0xb0,0xf1,0x9f,0x8a,0x08,0x81,0x82,0x10,0x68,0x40,0x82,0xa1,0x82,0x82,0xa1,0xcb,0x89,0x68,0x08,0x13,
    0x23,0x32,0xa9,0xff,0xc9,0x98,0x88,0x38,0x70,0x11,0x08,0x08,0x0a,0x88,0xb0,0xa0,0x1b,0x22,0x83,0x88,
    0x86,0x07,0x84,0x99,0x0a,0x0f,0x8c,0x99,0x90,0x25,0x13,0xa3,0x91,0x8a,0x38,0x0f,0x9c,0x01,0xa2,0xa6,
    0x12,0x2c,0x58,0x90,0xb0,0xb8,0xbb,0x69,0x2d,0x0a,0x32,0x71,0x80,0xc9,0x01,0x4b,0x3b,0x0a,0x8b,0x94,
    0x17,0x88,0x90,0x2a,0x5b,0x2a,0x2e,0x8b,0x11,0xaa,0x88,0x30,0x96,0x85,0xb1,0x1c,0x2a,0x28,0x1c,0x5b,
    0x38,0x82,0xd4,0xb3,0x80,0xb2,0xc9,0xa3,0x7a,0x5b,0x9a,0x80,0x91,0x97,0x19,0x2a,0xd8,0xd4,0xa4,0x81,
    0x39,0x2c,0x80,0xa3,0x02,0x4d,0x2b,0x2c,0x9a,0xb6,0x93,0x20,0x3d,0x1c,0xa1,0xa2,0x91,0x02,0x2e,0x8a,
    0xb4,0xa2,0x02,0x31,0x4e,0x8a,0x00,0x09,0x9a,0x83,0x19,0x81,0xa7,0x91,0x20,0x0b,0xf3,0x29,0x89,0x5b,
    0xd4,0x82,0x1b,0x92,0x51,0x09,0x99,0xe2,0xd6,0xa2,0x01,0x29,0x5a,0x1b,0xd2,0xa1,0x93,0x38,0x3f,0x1a,
    0x08,0x18,0x3b,0x4c,0xc8,0xb7,0xa4,0x80,0x00,0x19,0x2b,0x98,0xa3,0x20,0xc1,0x90,0x08,0x25,0x5f,0x2e,
    0x09,0x90,0xb3,0xa1,0x21,0x6c,0x3c,0x89,0xc3,0xd4,0xb3,0x92,0x80,0x28,0x98,0xa2,0xc2,0x92,0x69,0x4c,
    0x2b,0x19,0x98,0xa1,0xb2,0x92,0xa3,0xf3,0xb5,0x82,0x10,0x3c,0x3b,0x4b,0x3e,0x2b,0x88,0x91,0x82,0xa8,
    0xc3,0x12,0xb9,0xa3,0x82,0x79,0x2f,0x98,0x80,0x81,0x01,0x08,0x7b,0x2c,0x98,0xc3,0xc6,0xa3,0xa1,0xa2,
    0x40,0x3d,0x4c,0x1a,0x18,0x5d,0x3c,0x0a,0x90,0xc3,0xc3,0xb4,0xb3,0x81,0x91,0xb3,0xc2,0xb4,0xc4,0xb4,
    0xa2,0x91,0x11,0x4b,0x4c,0x2b,0x98,0x10,0x2a,0xb0,0xc6,0xc4,0xa2,0xb3,0xa3,0x00,0x08,0x08,0x08,0xa2,
    0x10,0xb9,0x41,0xf0,0x01,0x98,0x83,0xf3,0xe4,0xb3,0xc5,0xa2,0x92,0x81,0x00,0x5b,0x4c,0x3c,0x3b,0x1a,
    0x98,0x82,0x90,0x48,0x3e,0x2a,0x1b,0xb2,0x12,0xaa,0x02,0x5e,0x2a,0x0a,0x18,0xb8,0x97,0x28,0x3d,0x2a,
    0x3c,0xa8,0xd4,0xa4,0xb2,0xb4,0xa2,0xa2,0xb4,0x01,0x5c,0x3c,0x3b,0x09,0x90,0x38,0x4f,0x3b,0x4b,0x1b,
    0x28,0x3c,0x99,0x80,0xe4,0xa5,0x00,0x29,0x3c,0x89,0xe4,0xb3,0xb4,0x92,0x00,0x19,0x98,0xc3,0xa4,0x80,
    0x28,0x4b,0x8a,0x00,0xc1,0x94,0x48,0x3f,0x3b,0x2b,0x88,0x91,0x90,0xb4,0x81,0x09,0xb1,0x95,0x40,0x2d,
    0x4b,0x4b,0x3d,0x89,0xd3,0xc3,0xc4,0xb4,0x92,0x10,0x4b,0x1b,0xd2,0xb5,0xa2,0x01,0x19,0x4b,0x2a,0x89,
    0xd2,0xb4,0xb4,0x92,0x91,0x88,0xc3,0xc4,0xb3,0x93,0x39,0x4d,0x3b,0x0a,0xb1,0xc4,0x83,0x88,0x49,0x2b,
    0x8a,0x93,0x8a,0xc6,0x83,0x98,0x38,0x4f,0x2a,0x2a,0xe0,0xa3,0xc3,0x92,0x28,0x1a,0x39,0x0a,0xf3,0x01,
    0x4b,0x09,0x6b,0x29,0x2c,0x19,0x1a,0x1a,0xc6,0x91,0x01,0x19,0x4c,0x88,0x08,0xa1,0xf2,0x92,0xb3,0x21,
    0x2a,0x0c,0x28,0x90,0x48,0x0c,0x4a,0x09,0x98,0x59,0x90,0x11,0x8a,0x18,0x3a,0x98,0xe3,0xc0,0x11,0x93,
    0xa0,0x22,0x0f,0x7b,0x18,0x88,0x98,0x91,0x90,0x28,0x3c,0x39,0x0d,0x09,0x6b,0x00,0xd3,0xb1,0xa4,0x82,
    0x88,0xaa,0x92,0x33,0x10,0x2f,0x0f,0x41,0xa8,0x91,0x40,0x2a,0x10,0x9e,0x19,0x82,0x2c,0x03,0x8a,0x14,
    0xd5,0xac,0x21,0x48,0x9a,0xda,0x10,0x06,0x99,0x09,0x89,0x31,0x95,0xab,0x42,0x11,0x22,0xa2,0x1d,0x17,
    0x9b,0x08,0x83,0x49,0x84,0x8a,0xca,0xb9,0x38,0xe8,0xbb,0xaa,0x18,0x21,0xfb,0xbd,0x19,0x03,0x62,0x28,
    0x32,0x73,0x95,0x10,0x00,0x10,0xac,0x99,0x42,0x84,0x10,0xc0,0x2b,0x28,0xfa,0x8d,0xa8,0x88,0x82,0xbc,
    0x0c,0xa0,0x9c,0xb0,0x31,0x67,0x12,0x28,0x11,0x90,0x95,0xba,0x0b,0x22,0x56,0x90,0x0a,0x10,0xa0,0x9c,
    0xaa,0x1a,0x12,0xdd,0x8b,0x11,0xa9,0xca,0x9f,0x08,0x00,0x29,0x44,0xf1,0x32,0x00,0x37,0x15,0x0a,0x08,
    0x29,0x09,0xc1,0x9b,0x47,0x02,0x88,0xaa,0x0c,0x02,0xb9,0x98,0x14,0xaa,0xda,0x9e,0x89,0x80,0x99,0x11,
    0x10,0xcc,0x4b,0x27,0x13,0x08,0xd0,0x60,0x81,0x99,0x19,0x93,0x30,0x93,0xa0,0x8a,0xb2,0x0e,0x98,0x88,
    0x8c,0xf8,0x9d,0x28,0x81,0x9a,0xa0,0xbc,0x18,0xf9,0x4a,0x57,0x08,0x08,0x90,0x0a,0x83,0xa9,0x32,0x22,
    0x62,0xa2,0xbb,0x98,0xab,0x49,0x03,0x2c,0x81,0xcf,0x9a,0xa0,0x1a,0x03,0x9b,0xaa,0xe9,0xad,0x00,0x37,
    0x24,0x22,0x0c,0xc8,0x90,0x41,0xa8,0x60,0x13,0x98,0x89,0xba,0x0c,0x34,0xa0,0x81,0x81,0xec,0xab,0x9a,
    0x20,0x24,0x98,0xbc,0xda,0x0b,0xb1,0x1d,0x75,0x04,0x90,0x0a,0xa9,0x08,0x05,0x09,0x25,0x81,0xa8,0xb9,
    0x9c,0x34,0x82,0x8a,0x32,0xf9,0x9a,0x8a,0x00,0x20,0x91,0xfb,0xaa,0x19,0xa8,0x0d,0xb0,0x73,0x72,0x01,
    0xa8,0xb9,0x81,0x13,0x41,0x89,0x22,0x31,0xd1,0x0d,0x08,0x21,0x80,0x01,0x98,0xf8,0x9b,0x9a,0x19,0x34,
    0xb3,0xed,0x9a,0x99,0x8a,0xa0,0xa8,0xa2,0x7b,0x57,0x03,0x98,0x8c,0x99,0x22,0x42,0x89,0x12,0x02,0xc8,
    0x9b,0x28,0x34,0x12,0xa0,0x9d,0xba,0xac,0xaa,0x68,0x22,0xb0,0xeb,0xca,0x98,0xab,0xa8,0x9b,0x3c,0x18,
    0x75,0x27,0x01,0xb8,0xc8,0x88,0x20,0x22,0x51,0x90,0x2a,0x85,0xbc,0x18,0x22,0x13,0x90,0xbb,0xb8,0xde,
    0x19,0x32,0x80,0x22,0xfa,0x9e,0x88,0x08,0xa0,0xaa,0x0a,0x86,0xa9,0x3d,0x67,0x81,0x90,0x9a,0x9a,0x32,
    0x04,0xaa,0x31,0x14,0xa8,0xb9,0x9e,0x51,0x14,0x99,0x99,0x89,0x09,0x80,0xba,0x73,0x03,0xba,0xdc,0x09,
    0x18,0x10,0xe9,0x8b,0x90,0x42,0xb8,0x60,0x27,0x00,0x99,0x9b,0x99,0x23,0x33,0x09,0x90,0x32,0xa0,0xcb,
    0x08,0x61,0x30,0x00,0xfa,0x8a,0x10,0x01,0x1a,0x38,0xc0,0xdf,0x00,0x80,0xca,0xaa,0x28,0xb2,0x8c,0xdf,
    0x28,0x01,0x65,0x12,0x91,0x9c,0xa9,0x19,0x52,0x83,0x89,0x01,0x89,0x99,0x09,0x22,0x22,0x83,0xb8,0xaa,
    0x9f,0x99,0x11,0x24,0x34,0xf8,0xaf,0x18,0x01,0xb8,0x9b,0xa9,0x9a,0x31,0xcf,0x8b,0x12,0x57,0x43,0x82,
    0xca,0xab,0x89,0x33,0x43,0x00,0x90,0x88,0xb8,0x9b,0x18,0x36,0x23,0x90,0xbc,0xac,0x09,0x52,0x02,0x81,
    0xa8,0xdb,0xcc,0x89,0x08,0x88,0xcc,0x0b,0x99,0xf8,0xcb,0x8a,0x13,0x76,0x27,0x00,0xbb,0xab,0x08,0x42,
    0x23,0x90,0x88,0x88,0xa8,0xba,0x08,0x62,0x24,0x82,0xda,0x9b,0x88,0x21,0x34,0x80,0x99,0xbb,0xad,0x9b,
    0x10,0x98,0xdd,0x9d,0x08,0x01,0xdc,0xac,0x28,0x71,0x47,0x12,0xba,0xbc,0x89,0x21,0x34,0x81,0x89,0x08,
    0x98,0xaa,0x99,0x10,0x36,0x23,0xb0,0xbd,0x8a,0x18,0x33,0x21,0x02,0xd8,0xdb,0xbb,0x08,0x18,0x01,0xfc,
    0x8e,0x08,0x08,0xc9,0xac,0x08,0x71,0x77,0x01,0xaa,0xab,0x88,0x31,0x24,0x80,0x89,0x18,0x88,0xbb,0x9a,
    0x20,0x55,0x13,0xa9,0x9c,0x8a,0x10,0x21,0x21,0x81,0x91,0xfb,0xaa,0x8a,0x18,0x80,0xbc,0x8c,0xa1,0xbd,
    0xbb,0xee,0x89,0x72,0x56,0x12,0xb9,0xad,0x09,0x10,0x22,0x88,0x20,0x33,0xc0,0xcc,0x89,0x01,0x22,0x10,
    0x88,0x21,0xa0,0xdc,0x09,0x22,0x02,0x08,0x90,0xa9,0xc9,0xbf,0x9b,0x80,0x10,0xa8,0xda,0xcb,0xed,0x8a,
    0x51,0x77,0x12,0xb9,0xab,0x09,0x10,0x18,0x81,0x31,0x35,0xa1,0xbd,0x8b,0x01,0x11,0x81,0x10,0x53,0x82,
    0xcc,0x9a,0x21,0x10,0x80,0x08,0x21,0xb0,0xdf,0xab,0x89,0x18,0x22,0xca,0xab,0xde,0xab,0x50,0x76,0x24,
    0xa8,0xcb,0x88,0x00,0x08,0x80,0x28,0x35,0x82,0xca,0x9b,0x00,0x80,0x08,0x18,0x63,0x13,0xb9,0xab,0x08,
    0x80,0xaa,0x28,0x35,0x04,0xcc,0xac,0x8a,0xa9,0x9a,0x18,0x22,0xfa,0xcf,0x89,0x52,0x77,0x81,0xa9,0x8a,
    0x80,0x80,0x89,0x88,0x62,0x13,0xa0,0xab,0x18,0x91,0xaa,0x89,0x30,0x36,0x82,0x9a,0x19,0x82,0xcc,0x8b,
    0x21,0x23,0x81,0xcc,0x9c,0x90,0xec,0x8a,0x20,0x00,0xba,0xcf,0x1b,0x54,0x77,0x80,0x9a,0x19,0x88,0xa0,
    0x0a,0x88,0x63,0x11,0xa8,0x19,0x10,0xb0,0x9c,0x89,0x21,0x13,0x98,0x30,0x44,0xa0,0xad,0x88,0x01,0x89,
    0x99,0x00,0x80,0xea,0xbe,0x0a,0x11,0xca,0xad,0x98,0x9b,0x73,0x77,0x85,0x9a,0x08,0x80,0x98,0x9b,0x98,
    0x62,0x11,0x99,0x28,0x23,0xb1,0xad,0x89,0x21,0x90,0xbb,0x40,0x35,0x92,0x9b,0x20,0x01,0xeb,0x9b,0x18,
    0x01,0xca,0xcb,0x09,0x21,0xfc,0x9b,0x00,0xba,0x19,0x77,0x47,0x99,0x89,0x11,0x98,0xca,0x89,0x18,0x14,
    0x98,0x0a,0x26,0x01,0xb9,0x08,0x10,0xa8,0xbb,0x0c,0x43,0x02,0x8a,0x38,0x26,0xa8,0x9a,0x09,0xb9,0xbe,
    0x89,0x98,0xa0,0xcc,0xab,0x0a,0xc8,0xbe,0x61,0x75,0x06,0x9a,0x18,0x83,0xa9,0xbb,0x80,0x38,0xa2,0xbc,
    0x60,0x14,0x90,0x89,0x23,0x01,0xbb,0xac,0x28,0xa1,0xac,0x28,0x44,0x02,0x89,0x20,0x83,0xed,0x9a,0x81,
    0xa9,0xcb,0x99,0xaa,0xac,0xfa,0x2a,0x34,0x77,0x93,0x8a,0x41,0xa1,0xb9,0x9a,0x90,0x10,0xca,0x9c,0x44,
    0x81,0x88,0x31,0x23,0xa2,0xaa,0x0a,0x02,0xfc,0x9b,0x21,0x01,0xab,0x48,0x25,0x90,0x9b,0x10,0x89,0xea,
    0xac,0x09,0xd9,0xbd,0x9a,0x88,0x40,0x77,0x83,0x0a,0x52,0x91,0x99,0x89,0xa0,0x08,0xcb,0x9d,0x22,0xa8,
    0x09,0x52,0x22,0x11,0x11,0x11,0x33,0xfa,0x9b,0x02,0xda,0x9b,0x08,0x08,0x80,0xbb,0x70,0x83,0xaa,0x09,
    0x00,0xfb,0xad,0x99,0x9b,0x89,0x77,0x84,0x8a,0x52,0x92,0x88,0x00,0x80,0x00,0xc9,0xac,0x21,0xd9,0xaa,
    0x20,0x01,0x80,0x31,0x52,0x34,0x88,0x18,0x33,0xa8,0xbc,0x88,0xcb,0xeb,0xab,0x09,0xb0,0xbb,0x1a,0x13,
    0xeb,0xcb,0x88,0x99,0xcb,0x78,0x67,0x98,0x29,0x33,0x90,0x00,0x11,0x10,0x12,0xeb,0x1b,0x82,0xcd,0x9a,
    0x80,0x98,0x99,0x18,0x42,0x04,0x99,0x63,0x23,0x00,0x10,0x22,0x90,0xfb,0xab,0x88,0xdc,0xab,0x89,0xa9,
    0xbb,0x99,0x88,0x98,0x90,0x7b,0x27,0x02,0x08,0x32,0x35,0x18,0x33,0x63,0x23,0x03,0x00,0x11,0xb1,0xbf,
    0x99,0xc9,0xad,0xb9,0xab,0x9a,0x88,0x10,0x62,0x33,0x34,0x24,0x22,0x32,0x80,0xf9,0xbb,0xbb,0xcc,0x9c,
    0x98,0xa9,0x99,0xd8,0x09,0x08,0xbe,0x31,0x84,0x9c,0x21,0x13,0x43,0x43,0x35,0x44,0x33,0x11,0x31,0x03,
    0xa8,0xbe,0xab,0xbb,0xbd,0xba,0x99,0x99,0x00,0x12,0x53,0x45,0x23,0x12,0x91,0xa9,0xc9,0x02,0x1b,0x00,
    0xc9,0xcc,0xbb,0xba,0x9a,0xdc,0x9b,0xb8,0xda,0x9b,0xac,0x10,0xa1,0xbf,0x28,0x32,0x12,0x66,0x23,0x53,
    0x23,0x12,0x32,0x12,0xa9,0x8a,0xa8,0xbd,0xb9,0xcd,0x9a,0x80,0x9a,0x19,0x22,0x20,0x35,0x11,0x10,0x81,
    0xbb,0xa9,0xfd,0x8c,0x99,0xbb,0xae,0xaa,0xba,0xcc,0xac,0xb9,0x9a,0xac,0x8c,0x62,0x90,0x19,0x37,0x13,
    0x33,0x35,0x33,0x43,0x02,0x10,0x02,0xda,0xbb,0xca,0xbb,0xab,0xac,0x0b,0x30,0x01,0x53,0x53,0x23,0x21,
    0x00,0x11,0xa8,0x9b,0xfb,0xaf,0xa9,0xcb,0xab,0xab,0xaa,0x8a,0xb9,0x8a,0xfa,0x8d,0x88,0xa1,0x98,0x13,
    0x15,0x61,0x44,0x43,0x22,0x31,0x00,0x30,0xd8,0x9c,0x33,0xa9,0xaa,0x41,0x34,0x53,0x42,0x53,0x23,0x91,
    0x98,0x00,0xfb,0xad,0x9a,0xc8,0xaa,0xab,0xa9,0x43,0x88,0x98,0x51,0x91,0xfb,0xaa,0xac,0xda,0xab,0xbb,
    0xa8,0x9a,0x9f,0x88,0x38,0x90,0x83,0x77,0x47,0x08,0x21,0x23,0x11,0x02,0xa8,0x31,0xc2,0xcf,0x89,0xa9,
    0xab,0xa8,0x9c,0x33,0x04,0x8a,0x66,0x11,0x88,0x11,0x89,0xa9,0xea,0xad,0x99,0xdb,0xab,0xa9,0x8a,0x98,
    0xbb,0x19,0x27,0x70,0x47,0x00,0x10,0x24,0x08,0x10,0xa0,0x9c,0x81,0xeb,0x9b,0x98,0xab,0x1a,0x82,0x28,
    0x47,0x12,0x51,0x23,0x80,0x18,0xc8,0xbc,0xaa,0xec,0x9a,0x99,0xab,0x0a,0xa9,0x9a,0x18,0x99,0x39,0x47,
    0x77,0x14,0x89,0x21,0x83,0x88,0x88,0xeb,0x19,0xb1,0xbd,0x1a,0x91,0x89,0x42,0x80,0x72,0x23,0x08,0x42,
    0x92,0xa9,0xa9,0xcd,0x8a,0xb9,0xad,0x09,0xa8,0x9a,0x00,0xa9,0x09,0xd9,0xcc,0x28,0x63,0x77,0x82,0x09,
    0x32,0x80,0x89,0xb8,0xae,0x21,0xa9,0xad,0x00,0x00,0x11,0x12,0x28,0x37,0x02,0x08,0x13,0xc8,0x89,0xf8,
    0x9c,0x09,0xb8,0x8c,0x00,0xa8,0x08,0x81,0xcb,0x1a,0xeb,0xad,0x18,0x72,0x57,0x91,0x09,0x31,0x90,0x88,
    0xca,0xab,0x22,0xc8,0xad,0x11,0x11,0x21,0x13,0x18,0x55,0x82,0x9a,0x00,0xa8,0x99,0xf9,0xac,0x10,0xa8,
    0x8b,0x11,0xa8,0x38,0xb1,0xcf,0x89,0xcb,0xad,0x19,0x72,0x57,0x80,0x88,0x12,0x08,0x98,0xcb,0x8c,0x11,
    0x98,0x9c,0x11,0x32,0x32,0x83,0x19,0x44,0x83,0xad,0x8a,0x80,0x88,0xea,0x9b,0x28,0x91,0xaa,0x88,0x98,
    0x10,0xda,0xcf,0xaa,0xac,0xbb,0x29,0x77,0x37,0x90,0x88,0x01,0x88,0xa8,0xeb,0x8a,0x21,0x90,0x9b,0x31,
    0x34,0x24,0x91,0x8a,0x52,0x91,0xbc,0x99,0x00,0x10,0xe8,0x9c,0x30,0x92,0xaa,0x98,0x99,0x21,0xfb,0xbe,
    0x9a,0xa9,0xab,0x71,0x77,0x03,0x98,0x08,0x80,0x88,0xc9,0xbc,0x28,0x13,0xb9,0x19,0x42,0x34,0x13,0xca,
    0x18,0x23,0xd9,0xba,0x89,0x38,0x85,0xbd,0x1b,0x14,0x90,0x99,0xba,0x29,0x92,0xef,0x9b,0x98,0xa9,0x40,
    0x77,0x14,0x88,0x09,0x00,0x09,0xb9,0xbd,0x1a,0x23,0xa8,0x09,0x31,0x55,0x12,0xb8,0x09,0x32,0xb0,0xcc,
    0x9a,0x18,0x23,0xcd,0x8b,0x33,0x81,0xa9,0xdb,0x0a,0x82,0xde,0xab,0xb9,0x09,0x63,0x77,0x12,0x89,0x08,
    0x91,0x88,0xd9,0xbb,0x28,0x12,0xa9,0x19,0x42,0x35,0x03,0xa9,0x28,0x14,0xca,0xaa,0xbb,0x20,0xa2,0xcf,
    0x08,0x13,0x08,0xb8,0xbc,0x28,0xd1,0xbd,0xac,0x9a,0x30,0x77,0x15,0x80,0x08,0x10,0x88,0xa9,0xbd,0x0b,
    0x12,0xa8,0x99,0x30,0x54,0x24,0x88,0x08,0x23,0xa0,0xda,0xba,0x0a,0x13,0xfb,0x9c,0x11,0x01,0x90,0xba,
    0x9c,0x23,0xf9,0xdb,0x9b,0x19,0x73,0x57,0x80,0x89,0x11,0x88,0x80,0xeb,0x8a,0x21,0x90,0x89,0x09,0x50,
    0x34,0x90,0x8a,0x21,0x12,0x80,0xec,0x8a,0x21,0xb0,0xac,0x9a,0x20,0x15,0xda,0x9b,0x20,0x81,0xea,0xcc,
    0x1a,0x73,0x36,0x90,0x8a,0x11,0x01,0x90,0xcd,0x8b,0x32,0x91,0xaa,0x9a,0x53,0x26,0x90,0x8a,0x20,0x23,
    0x81,0xcd,0x0a,0x22,0xb8,0xbd,0x9a,0x21,0x03,0xdc,0x9b,0x21,0x82,0xea,0xad,0x29,0x57,0x13,0xa8,0x09,
    0x21,0x01,0xc8,0xbe,0x29,0x13,0x99,0xab,0x19,0x55,0x12,0xa9,0x08,0x42,0x23,0xb8,0x9f,0x18,0x82,0xc9,
    0xac,0x09,0x12,0xb0,0xbd,0x89,0x22,0xa1,0xce,0x0a,0x74,0x25,0x98,0x89,0x11,0x11,0x90,0xbe,0x0a,0x22,
    0x90,0xaa,0x9b,0x71,0x24,0x98,0x89,0x21,0x34,0x82,0xcc,0x09,0x11,0xb8,0xcc,0x9c,0x10,0x91,0xcb,0x9b,
    0x18,0x12,0xea,0x8b,0x75,0x15,0x91,0x88,0x00,0x21,0x91,0xbd,0x8b,0x21,0x80,0xd9,0x9b,0x50,0x33,0x80,
    0x89,0x30,0x46,0x83,0xaa,0x8a,0x10,0xa0,0xfc,0xab,0x88,0x88,0xca,0xbb,0x09,0x11,0xa8,0x2a,0x77,0x17,
    0x08,0x08,0x00,0x11,0xa1,0xca,0x89,0x00,0x00,0xca,0xbb,0x30,0x15,0x01,0x90,0x28,0x56,0x03,0x98,0x98,
    0x09,0x00,0xea,0xbd,0xa9,0x89,0x98,0xba,0x9c,0x00,0x00,0x42,0x27,0x01,0x01,0x11,0x21,0x25,0x80,0x08,
    0x31,0x01,0x12,0xf9,0x9b,0x08,0x81,0x08,0xb9,0x39,0x57,0x13,0x11,0x90,0x18,0x11,0xe9,0xdc,0xba,0x9c,
    0xba,0xcc,0xbb,0xbb,0x9c,0x21,0x91,0x89,0x62,0x34,0x44,0x12,0x31,0x52,0x24,0x00,0x80,0x89,0x00,0x12,
    0xa8,0xa9,0x8a,0x63,0x23,0x90,0x88,0x20,0x25,0xd0,0xdd,0xba,0xdb,0xcb,0xbc,0xbd,0xba,0xaa,0x10,0x80,
    0x08,0x73,0x24,0x23,0x34,0x22,0x63,0x22,0x00,0x00,0x98,0x00,0x00,0x98,0x88,0x21,0x34,0x92,0xac,0x48,
    0x22,0x00,0xdc,0xcd,0xba,0xcd,0xcc,0xcb,0xbb,0xbb,0x9a,0x08,0x80,0x51,0x34,0x24,0x34,0x33,0x34,0x35,
    0x02,0x11,0x00,0x09,0x10,0xa9,0x9a,0x00,0x31,0x24,0xa0,0x1a,0x24,0x91,0xcc,0xce,0xac,0xcc,0xdc,0xbb,
    0xcc,0xba,0x99,0x08,0x88,0x20,0x45,0x22,0x34,0x33,0x43,0x35,0x22,0x10,0x00,0x80,0x01,0xa8,0xab,0x10,
    0x43,0x22,0xc8,0x0a,0x42,0x91,0xdc,0xdc,0xba,0xdb,0xcd,0xcb,0xcb,0xab,0x8a,0x88,0x88,0x31,0x36,0x33,
    0x34,0x34,0x53,0x43,0x12,0x01,0x10,0x00,0x80,0xba,0x9a,0x08,0x23,0x21,0xcb,0x30,0x23,0xf0,0xbd,0xcd,
    0xba,0xdc,0xdb,0xcb,0xbb,0xaa,0x88,0x88,0x20,0x44,0x34,0x33,0x43,0x53,0x43,0x23,0x12,0x11,0x20,0x11,
    0xa8,0xbb,0x89,0x11,0x88,0xfb,0x8b,0x11,0xa0,0xfc,0xca,0xbb,0xcc,0xbd,0xbd,0xbc,0xaa,0x99,0x88,0x00,
    0x34,0x35,0x43,0x32,0x34,0x34,0x24,0x12,0x11,0x10,0x11,0x90,0xab,0x98,0x10,0x80,0xc8,0x8c,0x81,0xc9,
    0xcf,0xbb,0xcc,0xcb,0xbc,0xbd,0xbc,0x9b,0x89,0x89,0x00,0x53,0x24,0x34,0x43,0x33,0x35,0x33,0x22,0x11,
    0x79,0x09,0x27,0x00,0x11,0x01,0xc9,0x99,0x89,0x80,0x98,0xa9,0x00,0xc0,0xde,0xbc,0xbc,0xbd,0xcc,0xcb,
    0xbc,0xba,0x9a,0x88,0x18,0x41,0x53,0x33,0x35,0x33,0x35,0x43,0x22,0x21,0x21,0x01,0x01,0xa9,0x8a,0x88,
    0xa8,0xaa,0xbb,0x8a,0xfa,0xce,0xcb,0xcb,0xcc,0xbc,0xcb,0xac,0xbb,0x99,0x88,0x18,0x52,0x33,0x44,0x24,
    0x24,0x43,0x32,0x23,0x22,0x12,0x11,0x00,0x99,0x99,0x99,0xaa,0xaa,0xcc,0xb9,0xdd,0xdb,0xcb,0xbc,0xcc,
    0xbb,0xbd,0xbb,0xab,0x9a,0x88,0x20,0x44,0x34,0x44,0x33,0x34,0x34,0x24,0x21,0x22,0x22,0x11,0x81,0x98,
    0x88,0x9a,0xbb,0xbd,0xbc,0xcb,0xcd,0xcb,0xbc,0xcb,0xcb,0xbc,0xbb,0xab,0xaa,0x98,0x08,0x42,0x35,0x63,
    0x33,0x34,0x34,0x34,0x32,0x32,0x22,0x32,0x11,0x80,0x00,0x88,0xb9,0xcb,0xbd,0xbd,0xcc,0xbc,0xdb,0xbb,
    0xbc,0xcb,0xac,0xab,0xab,0x99,0x99,0x10,0x42,0x53,0x34,0x35,0x53,0x33,0x33,0x24,0x23,0x32,0x22,0x22,
    0x21,0x01,0x91,0x98,0xdb,0xdb,0xbc,0xcc,0xbc,0xcb,0xcb,0xac,0xbb,0xbc,0xcb,0xba,0xaa,0x98,0x89,0x20,
    0x53,0x53,0x34,0x34,0x34,0x33,0x34,0x33,0x43,0x32,0x33,0x13,0x84,0x03,0xf3,0xb1,0x08,0x0d,0x9e,0x1b,
    0xb5,0xe8,0xaa,0xb9,0xb9,0xb9,0xb8,0xa9,0x8b,0xa9,0x81,0x42,0x73,0x22,0x34,0x43,0x42,0x32,0x42,0x31,
    0x33,0x33,0x24,0x22,0x01,0x82,0x91,0xb8,0xbc,0xcd,0xbd,0xdb,0xca,0xba,0xbb,0xbc,0xbc,0xbb,0x9b,0xaa,
    0xa9,0x88,0x21,0x72,0x42,0x33,0x44,0x43,0x32,0x24,0x33,0x62,0x21,0x12,0x23,0x31,0x40,0x81,0x89,0xb9,
    0xcc,0xad,0xbc,0xdb,0xba,0xab,0xad,0x9c,0xa9,0xb9,0x9a,0xa8,0x29,0x49,0x02,0x51,0x61,0x41,0x11,0x15,
    0x22,0x30,0x22,0x14,0x42,0x82,0x12,0x21,0x84,0xa3,0x5a,0x0d,0xb9,0xe0,0xf1,0xb0,0xb1,0xc1,0x89,0x0b,
    0x1e,0x1a,0x0b,0x1a,0x2b,0x19,0x30,0x2a,0x79,0x50,0x39,0x94,0x95,0x31,0x39,0x39,0x81,0xa8,0x03,0xd7,
    0xb7,0xb4,0x82,0x81,0x1b,0x3b,0x8b,0x01,0x7d,0x1c,0x0a,0x89,0xd8,0xa4,0xa2,0xd2,0xb3,0xc3,0xc6,0x93,
    0x91,0x11,0x4a,0x3b,0x5d,0x1a,0x08,0x90,0xa2,0x10,0xb0,0xc6,0xa4,0x91,0x18,0x1a,0x09,0x6a,0x3d,0x3c,
    0x3c,0x1b,0xc0,0xb4,0xa4,0x00,0x29,0x19,0x09,0xa0,0xa3,0x41,0x2c,0x19,0x7a,0x1a,0x49,0x5b,0x1a,0x6b,
    0x3b,0x4c,0x2b,0xa8,0xc4,0xa3,0x00,0x89,0xa2,0x92,0x0a,0xe4,0xa3,0x80,0x08,0x49,0x0b,0x01,0x2f,0xc2,
    0xc3,0xb3,0xa5,0x81,0xb1,0x82,0x81,0xc1,0x12,0x7f,0x2b,0x4a,0x8a,0x80,0x91,0x40,0x3e,0x4c,0x3b,0x1a,
    0x89,0x80,0x00,0x08,0x98,0x38,0xfa,0xb6,0xc4,0xc4,0xa3,0x91,0x81,0x39,0x5b,0x2c,0x88,0x91,0x80,0x10,
    0x0b,0xe3,0xb4,0x01,0x39,0x1a,0x99,0xe5,0xb4,0x93,0xa0,0xb3,0xc6,0xb4,0x81,0x39,0x5c,0x3c,0x0a,0x18,
    0x39,0x4e,0x3c,0x1a,0x19,0x09,0x88,0x81,0x81,0x4a,0x8a,0xf5,0xb4,0x92,0x00,0x08,0x08,0xb1,0xd4,0xa4,
    0x91,0x20,0x4c,0x2c,0x19,0x19,0x09,0x08,0x18,0x98,0xd4,0xb3,0xb3,0xd3,0x93,0x91,0x18,0x7c,0x4c,0x3c,
    0x4b,0x2a,0x1b,0x08,0xa1,0x10,0x4a,0x1b,0x29,0x29,0x4a,0x4f,0x3c,0x2a,0x1a,0x19,0x88,0x38,0x3e,0x4d,
    0x3b,0xb8,0xb5,0xb3,0x82,0x18,0x2a,0x2c,0xa2,0xa0,0xd4,0xa3,0x10,0x19,0x5e,0x4c,0x2a,0x9a,0xd5,0xb4,
    0xa3,0x81,0x4a,0x4b,0x2b,0x89,0x81,0x49,0x3b,0x9a,0xc5,0x82,0x18,0x3b,0x3d,0x29,0x1b,0xc0,0x94,0x38,
    0x3d,0x2d,0x08,0x08,0x90,0x91,0xa2,0xa5,0x28,0x4c,0x4b,0x0a,0x81,0x89,0x91,0xd3,0xa2,0x10,0x8a,0xe5,
    0xc4,0x81,0x38,0x2c,0x3b,0x98,0xb3,0xb4,0x11,0x6b,0x19,0x88,0xb2,0x84,0xa1,0x00,0x3b,0x18,0xe9,0xd2,
    0x11,0xd0,0xd1,0x81,0x80,0x4b,0x0e,0x81,0x00,0x08,0x7b,0x08,0x01,0x80,0x22,0x30,0xa2,0x12,0xb3,0x03,
    0x8c,0x8e,0x0d,0xb9,0xab,0x8b,0x8f,0xba,0xe1,0xa8,0x70,0x10,0x8a,0x40,0x23,0x18,0x11,0x32,0x26,0x92,
    0xa9,0x15,0xa1,0xac,0x1b,0x8c,0xbb,0xcd,0x8a,0x08,0xbc,0xab,0x90,0x02,0x70,0x96,0x18,0x33,0x06,0x1a,
    0x23,0x32,0x81,0x21,0x8d,0x06,0xc9,0x9a,0x10,0xfa,0x89,0x9a,0x80,0x8a,0xdb,0x29,0xa9,0x0c,0x75,0xa0,
    0x19,0x33,0x94,0x2a,0x13,0x42,0x92,0x91,0x5b,0x85,0xbb,0x99,0x03,0xbe,0x9a,0x9a,0x80,0xac,0xbc,0x81,
    0xfa,0x2a,0x37,0xaa,0x39,0x54,0xa0,0x28,0x12,0x22,0x80,0xb1,0x71,0xb3,0xac,0x18,0xa2,0xaf,0x88,0x89,
    0xa0,0xab,0x9a,0x91,0xcf,0x58,0x86,0x9a,0x30,0x43,0xba,0x32,0x22,0x02,0x2a,0xa0,0x65,0xc8,0x0a,0x10,
    0xc8,0x8c,0x90,0x89,0xb9,0x99,0x89,0xe8,0x9e,0x64,0xa0,0x0a,0x42,0x93,0x0c,0x23,0x11,0x90,0x20,0x3a,
    0x06,0xad,0x10,0x80,0xcc,0x18,0xa8,0x99,0x9a,0x98,0x99,0xfc,0x3a,0x37,0xcb,0x38,0x34,0xd8,0x38,0x02,
    0x01,0x89,0x93,0x51,0xc0,0x1c,0x01,0xc8,0x9b,0x12,0xcb,0x98,0x89,0x98,0xab,0xbf,0x73,0xb5,0x8a,0x43,
    0x82,0x8d,0x33,0x00,0x98,0x30,0x80,0x13,0xbe,0x30,0x90,0xcd,0x29,0xa1,0x9c,0x09,0x88,0xc9,0xd9,0x49,
    0x27,0xac,0x30,0x33,0xfa,0x30,0x82,0x80,0x19,0x83,0x18,0xc8,0x1a,0x83,0xfb,0x8a,0x12,0xeb,0x88,0x81,
    0xb8,0x9a,0x8b,0x77,0xc0,0x19,0x23,0xc2,0x1b,0x16,0x88,0x98,0x32,0x89,0x90,0x8a,0x12,0xda,0x9c,0x31,
    0xf9,0x0a,0x01,0x99,0x9b,0x98,0x72,0xb6,0x0b,0x25,0x81,0x8d,0x43,0x98,0x88,0x31,0xa0,0x08,0x99,0x11,
    0xba,0xae,0x30,0xf0,0x8b,0x21,0xa9,0x9c,0x08,0x72,0xc3,0x0c,0x24,0x92,0x8d,0x53,0x98,0x88,0x31,0xa0,
    0x08,0x89,0x10,0xba,0xad,0x30,0xe8,0x9c,0x22,0xb9,0x9c,0x00,0x72,0xc2,0x0b,0x26,0x91,0x8c,0x44,0x98,
    0x09,0x31,0xa8,0x19,0x88,0x80,0xba,0xac,0x30,0xf9,0x8c,0x12,0xc9,0x8b,0x10,0x73,0xc0,0x1a,0x17,0xa0,
    0x1a,0x25,0xa8,0x08,0x23,0xc8,0x08,0x80,0x90,0xba,0xab,0x31,0xfb,0x0e,0x02,0xba,0x8b,0x31,0x45,0xcb,
    0x59,0x14,0xc8,0x28,0x06,0x99,0x00,0x13,0xaa,0x00,0x88,0xa0,0xca,0x8a,0x12,0xde,0x19,0x82,0xcb,0x89,
    0x32,0x07,0xac,0x61,0x11,0xba,0x51,0x83,0x9a,0x30,0x83,0x8b,0x88,0x19,0xa9,0xcd,0x1a,0xa3,0xbf,0x28,
    0x81,0xae,0x18,0x42,0xc3,0x9b,0x36,0x82,0x8d,0x43,0x91,0x8a,0x42,0x90,0x89,0x98,0x00,0xaa,0xae,0x38,
    0xd0,0x9c,0x11,0xc0,0x11,0xcf,0x42,0x00,0x89,0x24,0x95,0xab,0x73,0x02,0xab,0x62,0x82,0x99,0x30,0x81,
    0x89,0x98,0x09,0xa8,0xdd,0x19,0xa2,0xae,0x00,0xa1,0xac,0x29,0x63,0xb1,0x9a,0x37,0x92,0x8b,0x54,0x91,
    0x89,0x22,0x91,0x98,0xa8,0x19,0xba,0xbf,0x39,0xc8,0x9d,0x00,0xb0,0x9d,0x20,0x53,0xa9,0x3a,0x37,0xb1,
    0x19,0x35,0x91,0x09,0x23,0x81,0xb9,0x9b,0x81,0xec,0x9d,0x00,0xba,0x9c,0x80,0xc9,0xaa,0x20,0x37,0xa9,
    0x49,0x45,0xa0,0x18,0x25,0x80,0x08,0x12,0x01,0xb8,0x9c,0x00,0xeb,0xac,0x80,0xc9,0xaa,0x98,0xc9,0xaa,
    0x20,0x37,0x98,0x49,0x35,0x80,0x28,0x25,0x02,0x10,0x11,0x12,0xa8,0xbe,0x88,0xd9,0xdb,0x99,0xa9,0xba,
    0xbb,0x9a,0xac,0x1b,0x57,0x80,0x28,0x73,0x00,0x28,0x23,0x02,0x23,0x82,0x30,0x82,0xfc,0x9a,0xb0,0xdb,
    0xab,0xaa,0xab,0xcb,0xca,0xa9,0x99,0x71,0x23,0x19,0x62,0x04,0x01,0x33,0x43,0x30,0x14,0x08,0x02,0xa8,
    0x9f,0x8a,0xcb,0xcb,0xb9,0xbb,0xaa,0xab,0xad,0x8a,0x4a,0x25,0x81,0x21,0x46,0x11,0x20,0x52,0x32,0x21,
    0x11,0x41,0x82,0xdb,0x8a,0xba,0xbe,0xca,0xb9,0xba,0xba,0xbb,0x2d,0x0f,0x59,0x10,0x89,0x21,0x23,0x80,
    0x23,0x17,0x14,0x02,0x21,0x33,0xa2,0xbb,0xa0,0xfb,0xbb,0x9e,0x0b,0x9a,0x9d,0xaa,0xd2,0xf1,0x93,0x81,
    0x08,0x39,0x28,0x39,0x02,0x34,0x36,0x22,0x40,0x23,0x82,0xb0,0xc1,0xa9,0xf9,0x9b,0x2c,0x2d,0x1e,0x0b,
    0xc0,0xb1,0x81,0x10,0x2c,0x2d,0x29,0x3a,0x29,0x68,0x31,0x31,0x41,0x41,0x01,0x91,0xc2,0xc2,0xc1,0xa0,
    0xb0,0x2a,0x2f,0x3e,0x2f,0x2b,0x0a,0x98,0x80,0x90,0x09,0x19,0x08,0x10,0x33,0x07,0x04,0x22,0x32,0x30,
    0x38,0x4b,0x3b,0x2e,0x0c,0x0a,0xb9,0xf2,0xf2,0xc2,0xa2,0x88,0x2a,0x1a,0x1b,0x0b,0xb0,0xb4,0xa6,0x83,
    0x03,0x86,0x02,0x22,0x38,0x11,0x18,0x39,0x4a,0x2f,0x3f,0x3c,0x1c,0x1a,0x1a,0x99,0xc0,0xf3,0xc3,0xb2,
    0xa2,0xa2,0x81,0x00,0x91,0x93,0x85,0x83,0x03,0x82,0x84,0x84,0x90,0xa2,0xc6,0xb2,0xb2,0x92,0x8a,0xbb,
    0xe8,0x90,0x3e,0x2f,0x3c,0x1a,0x2a,0x3a,0x3a,0x6c,0x2a,0x29,0x08,0x02,0x28,0x4a,0x4a,0x98,0xe4,0xa3,
    0xd3,0xb3,0xa1,0xb2,0xd2,0x81,0x7b,0x3d,0x2b,0x89,0xa1,0xb3,0xa3,0xa3,0x93,0x00,0x20,0x69,0x4c,0x4b,
    0x2a,0x1a,0xa1,0xd4,0xb4,0xb2,0xb3,0xa1,0x01,0x4e,0x2b,0x1a,0x98,0xd3,0xa2,0x82,0x38,0x4d,0x3b,0x98,
    0xb4,0xc4,0x02,0x28,0x5e,0x3c,0x4b,0x0a,0x80,0x28,0x2b,0xa9,0xa2,0xd3,0x92,0x38,0x5d,0x2c,0x3a,0x2b,
    0x29,0x1a,0x18,0x39,0x1c,0x7c,0x4c,0x1a,0xb0,0xc6,0xb4,0x92,0x00,0x18,0x09,0x3a,0x2c,0xc0,0xc5,0x92,
    0x81,0xa0,0x01,0x7a,0x3c,0x2b,0x2a,0x88,0xc2,0xc4,0xa3,0x92,0x29,0x08,0x88,0x81,0x00,0x6f,0x3c,0x8a,
    0xb2,0x93,0x80,0x88,0x4a,0x98,0xd6,0x82,0x7a,0x3d,0x3b,0x2a,0x2a,0x3b,0xc0,0xd6,0xa3,0x01,0x3a,0x2c,
    0x88,0x91,0x80,0x00,0x90,0x08,0x80,0x5b,0x5b,0x4d,0x3c,0x0a,0xb2,0xb2,0xa5,0x92,0x18,0x3c,0x39,0x0b,
    0xd1,0x94,0x90,0xf4,0x82,0x49,0x4c,0x2c,0x98,0xc3,0xa2,0x82,0x90,0x92,0x29,0x5d,0x4b,0x1c,0x80,0xb2,
    0xc3,0xc3,0x02,0x19,0x1a,0x00,0x59,0x2d,0x09,0x91,0xc1,0xa3,0x12,0x2f,0x88,0xd2,0x82,0x39,0x4e,0x1a,
    0xa8,0xa4,0xb3,0x80,0x91,0xc7,0x01,0x4a,0x3b,0x9a,0xc4,0x02,0x19,0x99,0xb3,0xa4,0x18,0x08,0x3a,0x90,
    0x18,0x2e,0x92,0xf2,0x81,0x20,0xb9,0xc6,0x01,0x38,0x2d,0xa9,0xa6,0x81,0x19,0xa0,0xb5,0x11,0x4d,0x3b,
    0x1a,0xa8,0xa3,0x01,0xa0,0x81,0xa9,0x97,0x59,0x2c,0x3b,0xd1,0xb4,0xa2,0x31,0x1e,0xb1,0x93,0x11,0x3f,
    0x0a,0x92,0xb0,0x30,0x89,0xf7,0x82,0x39,0x3b,0x9a,0x92,0x11,0x0a,0x3c,0xb2,0xc4,0x08,0x02,0x7b,0x9a,
    0x10,0x00,0x89,0x0a,0x23,0xf9,0xa4,0x39,0x08,0xc1,0x80,0x12,0xc0,0x08,0x00,0xa3,0x8a,0x7a,0x7b,0x2c,
    0x0a,0x20,0x88,0xb9,0x15,0xa8,0xf4,0x93,0x18,0x1a,0x90,0xd3,0x91,0x78,0x2b,0xb8,0x93,0x22,0x1e,0x1a,
    0x12,0x8c,0x88,0x95,0x08,0x19,0xc1,0xb5,0x01,0x19,0x19,0x1a,0xb3,0xe1,0xa5,0x48,0x2c,0x1a,0xb1,0xd3,
    0xa3,0x22,0x2f,0x09,0xe3,0x93,0x3a,0x2a,0x90,0x09,0x7a,0x89,0xa0,0x94,0x19,0x1a,0xc2,0x31,0x2c,0xf0,
    0x93,0x81,0x4c,0x90,0x91,0x49,0x3c,0xba,0xa7,0x81,0x09,0x01,0x98,0xb8,0x87,0x18,0x4c,0x0a,0x91,0x92,
    0x3b,0x29,0xd3,0x08,0x80,0xe2,0xb3,0x60,0x2d,0x98,0xa3,0x39,0x1c,0xa2,0xa2,0x2a,0x51,0xa9,0x0a,0x78,
    0xa8,0xb2,0x28,0x00,0xd8,0xb3,0x94,0x20,0x3e,0x9a,0x94,0xc0,0x84,0x49,0x1c,0xa1,0xa3,0x28,0x9a,0x04,
    0xb8,0x92,0x10,0x2b,0x09,0xd7,0x00,0x49,0x8a,0x80,0x00,0xb9,0x72,0xab,0xd2,0x84,0x90,0x6b,0x89,0xa1,
    0x92,0x6a,0x08,0x89,0x82,0x01,0x4c,0xa2,0x81,0x20,0x48,0xaa,0xc3,0x85,0x2a,0xab,0xb7,0x39,0x2d,0x89,
    0xf8,0x11,0x18,0x8d,0x80,0x92,0x29,0x8c,0x49,0xa1,0xa0,0x78,0x00,0x88,0x03,0x82,0x7a,0x01,0x81,0x82,
    0x22,0x99,0x92,0xb0,0xb2,0x8f,0x8c,0x08,0xfb,0x8a,0x82,0xdc,0x28,0xb4,0xa9,0x68,0x19,0xbb,0x97,0x18,
    0x2a,0x08,0xa2,0x20,0x6a,0x80,0x82,0x31,0x60,0x28,0xa0,0x06,0x28,0x0b,0xb1,0x83,0x0e,0xaa,0xa2,0xd9,
    0x1a,0x98,0xe1,0x88,0x19,0x18,0xac,0x59,0xc1,0xb0,0x39,0xd0,0x2b,0x83,0xe2,0x59,0x11,0xa8,0x43,0x41,
    0x89,0x44,0x01,0x20,0x49,0x90,0x98,0x00,0x89,0xaf,0x88,0x99,0xab,0x9a,0xb2,0x09,0xad,0x82,0xc3,0x0f,
    0x2a,0xd2,0x9a,0x0a,0xd1,0x9c,0x18,0x94,0x0c,0x51,0x82,0x18,0x64,0x11,0x18,0x43,0x02,0x18,0x13,0xa8,
    0x99,0xa8,0xbb,0xaf,0xb9,0x8a,0xbc,0x09,0xa0,0xab,0x50,0xa3,0x9e,0x30,0xb8,0xbf,0x01,0xcb,0xad,0x09,
    0xdb,0x1a,0x84,0x8b,0x43,0x15,0x18,0x54,0x13,0x20,0x53,0x02,0x18,0x12,0xa8,0xab,0x90,0xfc,0x99,0x99,
    0xaa,0x0b,0xa0,0x09,0x08,0x23,0x0a,0x29,0x94,0xfa,0x8f,0x80,0xaf,0x99,0xb0,0xae,0x90,0x19,0x91,0x28,
    0x71,0x14,0x19,0x45,0x12,0x29,0x35,0x80,0x08,0x32,0xca,0x8a,0x90,0xeb,0x9a,0x80,0xcb,0x19,0x80,0xa8,
    0x21,0x04,0x28,0x82,0x81,0x8a,0xfb,0x9d,0xd8,0xdb,0x8b,0xc9,0xad,0x88,0x89,0x18,0x32,0x30,0x67,0x01,
    0x41,0x24,0x80,0x43,0x02,0x99,0x21,0xb0,0xf0,0x0d,0x2d,0x00,0x0b,0xc0,0xae,0x09,0xb8,0xab,0x11,0xa0,
    0x38,0x25,0x10,0x41,0x01,0xa8,0x80,0xfd,0xa9,0xbb,0xcc,0x9d,0xc9,0x9a,0x9c,0x90,0x38,0x82,0x70,0x43,
    0x13,0x48,0x27,0x00,0x11,0x24,0x99,0x10,0x00,0xeb,0x19,0xb8,0xab,0x0a,0xc0,0x9b,0x01,0x11,0x1a,0x27,
    0x18,0x11,0x21,0xa9,0x90,0xbc,0xdd,0xab,0xbd,0xba,0xae,0xba,0xa9,0xac,0x19,0x43,0x08,0x65,0x23,0x11,
    0x72,0x13,0x01,0x42,0x02,0x8a,0x10,0xb8,0xae,0x08,0xba,0x9c,0x08,0xba,0x1a,0x11,0x80,0x72,0x04,0x00,
    0x22,0x80,0x8b,0x90,0xde,0xaa,0xca,0xcc,0x9a,0xdb,0xaa,0xaa,0xbb,0x0a,0x14,0x12,0x74,0x34,0x11,0x62,
    0x23,0x01,0x52,0x02,0x98,0x00,0xa0,0xad,0x89,0xa9,0xad,0x08,0xa9,0x9a,0x20,0x03,0x41,0x43,0x15,0x18,
    0x08,0x01,0xbc,0xaa,0xbc,0xcf,0xab,0xda,0xbb,0x9c,0xba,0xad,0x99,0x08,0x21,0x52,0x54,0x23,0x23,0x45,
    0x23,0x11,0x43,0x02,0x89,0x80,0xc8,0xac,0x99,0xba,0xac,0x88,0xba,0x8a,0x22,0x04,0x34,0x43,0x13,0x20,
    0x98,0x89,0xcd,0xcb,0xcc,0xeb,0xba,0xdb,0xbb,0xbb,0xbc,0xbc,0xaa,0x18,0x32,0x63,0x54,0x24,0x21,0x34,
    0x24,0x12,0x32,0x13,0x99,0x80,0xc8,0xbd,0x99,0xb9,0xbb,0x9a,0xaa,0x8a,0x31,0x34,0x44,0x23,0x11,0x12,
    0xa0,0x9b,0xba,0xef,0xca,0xcb,0xbc,0xad,0xcb,0xbb,0xac,0xcb,0xbb,0xaa,0x08,0x43,0x44,0x35,0x43,0x43,
    0x33,0x34,0x23,0x33,0x22,0x88,0xa9,0xcb,0xcd,0xaa,0xaa,0xcb,0xaa,0x99,0x8a,0x21,0x53,0x42,0x53,0x31,
    0x21,0x13,0x81,0x00,0xba,0xcf,0xcb,0xcc,0xbb,0xbc,0xcc,0xba,0xbb,0xbd,0xaa,0x88,0x30,0x44,0x53,0x34,
    0x33,0x34,0x34,0x33,0x32,0x23,0x80,0xb8,0xca,0xcd,0xba,0xaa,0xcb,0xaa,0xa9,0x89,0x21,0x35,0x53,0x33,
    0x34,0x23,0x32,0x11,0x80,0xc9,0xdc,0xcc,0xdb,0xbb,0xbc,0xbc,0xcb,0xbb,0xbc,0x9b,0x89,0x31,0x35,0x44,
    0x34,0x24,0x43,0x33,0x33,0x43,0x12,0x80,0x99,0xba,0xbe,0xbb,0xba,0xbc,0xab,0xa9,0x89,0x41,0x25,0x43,
    0x34,0x24,0x22,0x22,0x01,0x88,0xb8,0xce,0xdb,0xcb,0xbc,0xcb,0xcb,0xcb,0xba,0xcb,0xaa,0x89,0x21,0x34,
    0x54,0x43,0x33,0x34,0x34,0x23,0x32,0x22,0x91,0xa9,0xba,0xdd,0xba,0xaa,0xbc,0x9b,0x99,0x89,0x31,0x36,
    0x43,0x34,0x24,0x31,0x12,0x82,0x80,0xb9,0xbe,0xcd,0xcb,0xbc,0xcb,0xdb,0xba,0xba,0xbc,0xab,0x98,0x31,
    0x44,0x53,0x34,0x24,0x43,0x33,0x23,0x33,0x32,0x90,0xa9,0xca,0xdc,0xaa,0xba,0xbc,0x9b,0x99,0x89,0x51,
    0x33,0x63,0x34,0x13,0x22,0x33,0x81,0x88,0xc8,0xbe,0xad,0xcc,0xbb,0xbc,0xbd,0xba,0xcb,0xbb,0xaa,0x08,
    0x41,0x43,0x35,0x35,0x33,0x53,0x33,0x32,0x23,0x13,0x88,0x9a,0xda,0xbc,0xac,0xbb,0xbc,0x99,0x99,0x09,
    0x44,0x32,0x44,0x34,0x21,0x22,0x23,0x80,0x89,0xca,0xcf,0xba,0xcc,0xcb,0xbb,0xbc,0xac,0xab,0xac,0x8a,
    0x10,0x32,0x63,0x44,0x33,0x43,0x53,0x22,0x22,0x23,0x02,0x99,0x98,0xdb,0xcb,0xba,0xcb,0x9c,0x99,0x98,
    0x28,0x24,0x43,0x63,0x32,0x21,0x32,0x02,0xa8,0x88,0xfb,0xae,0xab,0xcc,0xbc,0xba,0xdb,0xab,0xab,0xbb,
    0x8a,0x41,0x22,0x45,0x35,0x33,0x43,0x35,0x22,0x22,0x23,0x81,0x8a,0x99,0xcd,0xba,0xba,0xad,0x9a,0x99,
    0x8a,0x32,0x34,0x42,0x45,0x12,0x21,0x24,0x00,0x88,0x90,0xcd,0xbc,0xcb,0xcc,0xbb,0xdb,0xbb,0xcb,0xba,
    0xaa,0x0a,0x42,0x21,0x64,0x34,0x22,0x34,0x35,0x12,0x22,0x23,0x88,0x89,0xa8,0xcd,0xaa,0xca,0xbb,0x9a,
    0x98,0x8a,0x63,0x12,0x22,0x36,0x12,0x22,0x34,0x80,0x80,0xb9,0xce,0xbb,0xdc,0xac,0xbb,0xdb,0xcb,0xb9,
    0xaa,0xab,0x19,0x12,0x11,0x57,0x23,0x32,0x45,0x23,0x32,0x43,0x13,0x80,0x00,0xa0,0xcc,0xaa,0xca,0xac,
    0x8a,0xa8,0x99,0x41,0x22,0x32,0x45,0x23,0x32,0x33,0x81,0x30,0xfa,0xcc,0xaa,0xbc,0xcd,0xaa,0xda,0xba,
    0x9c,0xba,0xab,0xaa,0x01,0x4a,0x35,0x14,0x63,0x43,0x23,0x42,0x34,0x12,0x00,0x21,0xa0,0xbc,0xaa,0xcb,
    0xcc,0xaa,0x09,0x88,0x0a,0x63,0x24,0x20,0x42,0x34,0x82,0x08,0x11,0xc8,0xaf,0xa9,0xba,0xdd,0x9a,0xaa,
    0xad,0xba,0xb8,0xcb,0xaa,0x09,0x51,0x17,0x88,0x73,0x23,0x98,0x62,0x13,0x88,0x20,0x13,0xbc,0x89,0xa9,
    0xcb,0x9c,0xb9,0x18,0xb1,0x29,0x57,0x12,0x19,0x36,0x92,0x0a,0x23,0xc9,0x9d,0x89,0xba,0xbc,0xdb,0x99,
    0xb9,0xcc,0x89,0xa8,0xbd,0x08,0x61,0x15,0x89,0x52,0x25,0xa8,0x40,0x24,0x99,0x29,0x22,0xdb,0x8a,0x88,
    0xc9,0xaa,0xa8,0x20,0xb1,0x2a,0x67,0x12,0x08,0x44,0x01,0x99,0x00,0xb0,0xfa,0xaa,0x0a,0xc9,0xbe,0x08,
    0xa2,0xbd,0x20,0xa0,0xac,0x30,0x52,0x16,0x98,0x52,0x15,0xa9,0x31,0x23,0xba,0x29,0x82,0xdb,0xab,0x99,
    0x9b,0xba,0xbb,0x61,0x03,0x1a,0x57,0x13,0x91,0x64,0x91,0x8b,0x10,0xc8,0x9e,0x91,0x9b,0x9b,0xa9,0x9b,
    0x91,0xae,0x11,0xc9,0x2a,0x51,0x74,0x81,0x18,0x53,0x82,0x0b,0x33,0xa1,0x9a,0x00,0xba,0xbc,0xbc,0xb9,
    0x08,0xc9,0x3b,0x44,0x31,0x50,0x25,0x32,0x15,0x89,0x00,0xa0,0xdf,0x80,0xb9,0xab,0x8a,0xbb,0x9a,0xc9,
    0x2a,0xb0,0xbf,0x38,0x83,0x73,0x27,0x88,0x42,0x14,0x9a,0x21,0x02,0xaa,0x1a,0x99,0xbd,0xaa,0xaa,0x8a,
    0x01,0xab,0x74,0x23,0x10,0x35,0x53,0x11,0x08,0xb1,0xcb,0xbb,0xbc,0xbf,0xa8,0xa9,0xca,0x89,0x91,0xbb,
    0x80,0xc8,0xad,0x41,0x73,0x27,0x98,0x31,0x25,0x99,0x19,0x22,0xb9,0xaa,0x88,0xa9,0xbd,0x9c,0x18,0x82,
    0xaa,0x72,0x22,0x31,0x43,0x21,0x27,0xa1,0xac,0x38,0xf9,0xab,0x09,0xb8,0xac,0x88,0x98,0x99,0x8a,0x91,
    0xde,0x09,0x22,0x72,0x26,0x88,0x31,0x15,0x98,0x19,0x12,0xa9,0xaa,0xa9,0xb9,0xdb,0x9d,0x18,0x03,0xaa,
    0x53,0x15,0x11,0x32,0x32,0x27,0xb8,0x8c,0x00,0xdc,0xab,0x90,0xba,0xab,0x88,0xa9,0xbb,0x0a,0xb5,0xdf,
    0x08,0x31,0x73,0x05,0x80,0x42,0x03,0xa9,0x20,0x02,0xab,0xba,0xaa,0xab,0xcc,0x9d,0x28,0x83,0x8a,0x73,
    0x33,0x00,0x52,0x15,0x81,0xa0,0xab,0x9a,0xea,0xaf,0x00,0xa9,0xbb,0x20,0xa0,0xae,0x11,0xb0,0xbc,0x28,
    0x41,0x77,0x81,0x88,0x53,0x92,0x8a,0x30,0x91,0xaa,0x99,0x99,0xaa,0xbd,0x0a,0x40,0x98,0x39,0x44,0x23,
    0x20,0x63,0x34,0x90,0xaa,0x88,0xfb,0xab,0xab,0xbb,0xbb,0xda,0xd2,0xef,0x30,0x00,0x88,0xda,0x19,0xc0,
    0x9d,0x18,0x23,0x77,0x82,0x08,0x53,0x82,0x9a,0x21,0x82,0xbb,0x98,0x9a,0xcb,0xbc,0x9a,0x21,0x98,0x2c,
    0x37,0x02,0x30,0x33,0x37,0xa3,0xd9,0x38,0xc0,0x9f,0x09,0x98,0xba,0x89,0x08,0xb9,0x8d,0x08,0xc1,0xbb,
    0x30,0x35,0x67,0x90,0x20,0x63,0xa0,0x19,0x21,0xb1,0x0c,0x08,0xa8,0x9c,0xa9,0x8a,0x10,0xaa,0x4a,0x27,
    0x81,0x38,0x26,0x22,0x80,0xb9,0x40,0xf9,0xab,0x09,0xd1,0x9c,0x88,0x91,0x9c,0x89,0x00,0xb9,0x9d,0x52,
    0x52,0x04,0x19,0x43,0x06,0x8a,0x11,0x12,0xbb,0x10,0x88,0xeb,0x8a,0xaa,0x89,0xa9,0x98,0x62,0x02,0x20,
    0x55,0x12,0x14,0x00,0x0a,0x12,0xcf,0x99,0x88,0xeb,0x88,0x99,0xa9,0x1b,0xb9,0x88,0xbc,0x38,0x35,0x65,
    0x11,0x20,0x53,0x94,0x08,0x21,0x82,0x8d,0x91,0x88,0xcc,0x98,0x9b,0xa8,0x0a,0x99,0x63,0x80,0x52,0x43,
    0x22,0x43,0xc1,0x38,0xb0,0xfb,0x0b,0xc2,0x9c,0xaa,0xa2,0x9e,0x88,0x08,0xcb,0x28,0x18,0x22,0x47,0x00,
    0x41,0x43,0x88,0x30,0x23,0xc0,0x08,0x81,0xc9,0x9d,0xa9,0xab,0xbb,0x9a,0x29,0x00,0x28,0x77,0x03,0x32,
    0x03,0x21,0x21,0xeb,0x0a,0xc0,0xdc,0x8a,0xa8,0xae,0x89,0x88,0xcb,0x89,0x00,0x00,0x72,0x14,0x11,0x32,
    0x17,0x08,0x12,0x23,0x99,0x02,0x80,0xf9,0x99,0xab,0xba,0xac,0xaa,0x08,0xa9,0x31,0x47,0x38,0x53,0x23,
    0x8a,0x25,0x89,0xda,0x20,0xcc,0xa9,0x9a,0xfb,0x09,0x99,0xab,0x1a,0x91,0x1a,0x46,0x02,0x38,0x37,0x81,
    0x30,0x24,0x81,0x30,0x03,0x8a,0x88,0xcb,0xaf,0x98,0xac,0xa9,0x08,0xcb,0x41,0x11,0x81,0x64,0x92,0x10,
    0x01,0x92,0x0d,0xb0,0x0c,0xcb,0xc9,0x9c,0xb0,0x9b,0xbb,0x18,0x8d,0x41,0x83,0x81,0x46,0x03,0x30,0x63,
    0x13,0x21,0x23,0x12,0x10,0xa1,0x9c,0xac,0xea,0xab,0xc8,0x99,0x8a,0x81,0x30,0x00,0x44,0x20,0x80,0x30,
    0x90,0xcb,0x8c,0xc0,0xbe,0x9a,0xb9,0xcd,0x89,0xa9,0xac,0x98,0xaa,0x98,0xa0,0x88,0x74,0x13,0x52,0x73,
    0x13,0x32,0x34,0x13,0x20,0x02,0xb0,0x9c,0xb9,0xdc,0x9a,0xa9,0xab,0x1a,0x80,0x9b,0x38,0x85,0x98,0x43,
    0x84,0x89,0x11,0x88,0x9b,0x8a,0xad,0xcd,0xba,0xcd,0xcb,0xbb,0xbb,0xcc,0x9b,0x99,0x99,0x20,0x25,0x64,
    0x53,0x32,0x34,0x33,0x22,0x22,0x01,0xa8,0xa9,0xca,0xac,0xaa,0xbb,0xaa,0x9a,0xcb,0x9a,0x18,0x90,0x01,
    0x31,0x20,0x31,0x14,0x26,0x11,0xd8,0xcc,0xbb,0xcd,0xac,0xaa,0xeb,0xbb,0xcc,0xab,0x9a,0xab,0x09,0x52,
    0x53,0x53,0x33,0x44,0x22,0x23,0x32,0x12,0x00,0x88,0xba,0xbc,0xda,0xbb,0x9a,0x99,0x09,0x42,0x25,0x22,
    0x34,0x23,0x10,0x20,0xc0,0xcc,0xba,0xfb,0xcb,0xa9,0xba,0xac,0xbb,0xbc,0xaa,0xb9,0x9a,0x43,0x14,0x72,
    0x22,0x12,0x32,0x21,0x12,0x00,0x10,0xeb,0x89,0x9b,0x8b,0x09,0x29,0x54,0x54,0x21,0x45,0x23,0x21,0x42,
    0x13,0x88,0xb8,0x99,0xbc,0xdb,0x9c,0xbb,0xcb,0xac,0xca,0x9a,0xbb,0x99,0xca,0x3b,0x27,0x91,0x18,0x27,
    0x18,0x88,0x94,0x99,0xa9,0xaa,0xae,0x99,0xba,0x1b,0x53,0x20,0x79,0x04,0x10,0x07,0x10,0x11,0x14,0x01,
    0x4a,0x03,0xac,0x93,0x91,0x0e,0x99,0xc9,0xa9,0xaa,0x9b,0x00,0xe5,0xc1,0xa3,0x04,0x9b,0x7b,0x40,0x2e,
    0x20,0x8c,0xb5,0xc2,0x09,0x21,0x0c,0x19,0x80,0x90,0x12,0x00,0x41,0x11,0xa0,0x23,0x64,0x0b,0x41,0x80,
    0xe9,0x82,0x83,0x9c,0x2a,0x30,0xfb,0x09,0x91,0x8d,0x19,0xa1,0x88,0x12,0x00,0x9e,0x23,0x92,0xaa,0xa4,
    0x02,0x99,0x5f,0xf8,0x90,0x81,0x98,0x01,0x01,0xaa,0x05,0x23,0x28,0x01,0x26,0x08,0x09,0x31,0x81,0x2c,
    0xb7,0xb5,0x82,0x00,0x7c,0x89,0x80,0xa0,0x10,0x41,0x79,0xfc,0x2b,0x33,0xcc,0x50,0x91,0x9b,0x21,0xb0,
    0x49,0x80,0xe9,0x11,0x02,0x98,0x88,0x80,0x91,0x34,0x7a,0xad,0x28,0xf2,0x28,0x97,0x99,0x52,0x80,0x8a,
    0x02,0x11,0x68,0x7a,0xfc,0x19,0x23,0xac,0x40,0x91,0xaa,0x23,0xb8,0x49,0x81,0xba,0x22,0x11,0x09,0x09,
    0x80,0xd2,0x22,0x43,0xcf,0x20,0xc1,0x8a,0x04,0x99,0x48,0x14,0x9c,0x11,0x82,0xba,0x4a,0x01,0xaa,0x12,
    0xf2,0x89,0x19,0x81,0x89,0x08,0x97,0x8a,0x13,0xa2,0x3f,0x01,0x09,0x32,0xb1,0x18,0x07,0xab,0x91,0x33,
    0xf9,0x11,0x88,0xc9,0x22,0x8d,0x81,0x00,0x9d,0x09,0x1a,0xfb,0x01,0xa2,0xcc,0x31,0xa9,0x0e,0x11,0x80,
    0x0b,0x06,0x23,0x99,0x45,0x23,0x88,0x74,0x81,0x00,0x21,0xa0,0x18,0x99,0x99,0xcc,0xcb,0xb8,0xaa,0x9d,
    0x89,0xab,0xdb,0x89,0xbf,0x10,0xf9,0xab,0x01,0xec,0x39,0x15,0xbb,0x73,0x03,0x9a,0x45,0x82,0x09,0x43,
    0x91,0x89,0x11,0xc9,0xbb,0x81,0xbe,0x08,0xba,0x0b,0x53,0xd9,0x40,0x13,0xb9,0x51,0xa3,0xbd,0x18,0xc8,
    0xaf,0x88,0xb9,0x8c,0x43,0xb8,0x48,0x35,0x91,0x51,0x14,0x01,0x20,0x13,0x98,0xa9,0xa9,0xdd,0xaa,0xba,
    0x9a,0x9c,0x89,0x32,0x80,0x63,0x25,0x03,0x40,0x03,0x89,0x8a,0xd0,0xbf,0xa9,0xc9,0xad,0x99,0xb9,0x9b,
    0x73,0x82,0x38,0x46,0x01,0x30,0x25,0x80,0x38,0x03,0xcb,0x88,0xb8,0xbf,0x89,0xa9,0xab,0x8a,0x21,0xa1,
    0x62,0x26,0x81,0x51,0x02,0x90,0x18,0xc0,0x9c,0xba,0xdc,0xa9,0xba,0xcb,0x8a,0x89,0x30,0x37,0x11,0x54,
    0x33,0x10,0x35,0x02,0x08,0x21,0xc9,0xab,0xba,0xce,0xaa,0xa9,0xab,0x80,0x99,0x72,0x85,0x28,0x26,0x91,
    0x28,0x05,0xaa,0x09,0xa1,0xbf,0x88,0xb9,0xad,0x08,0xb9,0x9a,0x31,0x43,0x34,0x42,0x35,0x14,0x21,0x33,
    0x01,0x09,0x81,0xfb,0xab,0xb9,0xbe,0xaa,0xa8,0x9a,0x08,0x82,0x73,0x16,0x00,0x73,0x91,0x19,0x13,0xda,
    0x1a,0xb1,0xae,0x89,0xb8,0x9c,0x09,0xa8,0x9b,0x32,0x43,0x26,0x32,0x34,0x35,0x18,0x33,0x20,0xc8,0x10,
    0xba,0xbd,0x9c,0xcb,0xbb,0x8a,0x98,0x9a,0x50,0x27,0x88,0x73,0x03,0x89,0x42,0x91,0x9d,0x00,0xb9,0xad,
    0x98,0xbb,0xbb,0x8a,0x9a,0xbb,0x29,0x45,0x45,0x23,0x51,0x34,0x02,0x30,0x24,0xa8,0x19,0xa1,0xdc,0x9a,
    0xba,0xae,0x8a,0x98,0x9a,0x20,0x32,0x34,0x34,0x74,0x04,0x0a,0x42,0xb0,0x8e,0x82,0xcb,0x8b,0x90,0xbc,
    0x8a,0x98,0xa9,0x8a,0x41,0x21,0x74,0x14,0x11,0x34,0x02,0x20,0x23,0xa8,0x88,0xb1,0xce,0xaa,0xbb,0xcc,
    0x8a,0x99,0x98,0x30,0x41,0x26,0x51,0x22,0x25,0x99,0x21,0x83,0xdf,0x00,0xb8,0xad,0x94,0xf4,0x3d,0x00,
    0x90,0xbb,0x0a,0x92,0xba,0x3b,0x25,0x21,0x37,0x22,0x42,0x42,0x01,0x22,0x81,0x90,0x88,0xcb,0xad,0xcb,
    0xbb,0xca,0x9a,0x99,0x10,0x38,0x36,0x22,0x36,0x27,0x99,0x43,0x90,0xac,0x11,0xfb,0x99,0x98,0xbb,0x99,
    0xaa,0x9a,0xa0,0x0c,0x31,0x43,0x57,0x11,0x31,0x25,0x81,0x31,0x04,0x99,0x10,0xb0,0xbd,0xaa,0xca,0xbd,
    0x89,0x98,0xaa,0x41,0x12,0x50,0x44,0x31,0x43,0x90,0x41,0xb1,0xbd,0x28,0xfb,0x9c,0x88,0xc9,0x9b,0x00,
    0xa9,0x9b,0x31,0x83,0x72,0x17,0x11,0x32,0x14,0x18,0x33,0x81,0x89,0x02,0xcc,0xbb,0xba,0xce,0x9a,0xa9,
    0x99,0x89,0x32,0x22,0x63,0x36,0x12,0x24,0x28,0x82,0xa9,0xac,0xc8,0xbf,0x9a,0xaa,0xcc,0x99,0xa9,0xb9,
    0x89,0x38,0x32,0x77,0x11,0x41,0x33,0x00,0x53,0x02,0x88,0x21,0xa8,0xad,0xa8,0xeb,0xab,0x9a,0xaa,0xab,
    0x30,0x81,0x30,0x77,0x11,0x31,0x33,0x89,0x32,0xd8,0xba,0x9a,0xce,0xab,0xba,0xcb,0xac,0x99,0xa9,0xab,
    0x42,0x43,0x26,0x32,0x35,0x43,0x20,0x34,0x11,0x00,0x12,0xaa,0xac,0xdb,0xdb,0xbb,0xb9,0xbb,0x9a,0x10,
    0x08,0x70,0x27,0x00,0x42,0x14,0x99,0x32,0xb8,0xac,0x89,0xec,0xaa,0xa9,0xda,0x9b,0x88,0xda,0x09,0x13,
    0x51,0x22,0x44,0x33,0x13,0x44,0x03,0x21,0x21,0xa1,0xa9,0xca,0xcc,0xad,0x9b,0xba,0xac,0x1a,0xa1,0x1a,
    0x56,0x93,0x50,0x13,0x82,0x39,0x95,0x99,0xab,0xb8,0xbf,0xba,0xba,0xdc,0x99,0x99,0xab,0x28,0x34,0x14,
    0x71,0x33,0x13,0x62,0x13,0x11,0x31,0x03,0x9b,0x98,0xea,0xbd,0x9a,0xba,0xbd,0x09,0xa1,0x9d,0x26,0x00,
    0x29,0x36,0x98,0x11,0x22,0xd8,0x1a,0x98,0xcc,0x8c,0xa8,0xbc,0x99,0xb9,0x9d,0x20,0x20,0x13,0x73,0x24,
    0x22,0x42,0x24,0x11,0x22,0x03,0x98,0x98,0xda,0xbd,0xab,0xbb,0xcd,0x89,0x88,0x89,0x49,0x25,0x80,0x61,
    0x14,0x99,0x41,0x91,0xcb,0x00,0xe8,0xab,0x89,0xda,0xab,0x99,0xa9,0x1a,0x54,0x08,0x62,0x33,0x01,0x64,
    0x11,0x20,0x21,0x81,0x08,0xb8,0xa9,0xaf,0xaa,0xaa,0xbc,0x0a,0xa8,0x1d,0x24,0x80,0x40,0x17,0x09,0x12,
    0x00,0x99,0x90,0xbc,0xd9,0xac,0xba,0xbc,0xcb,0xa9,0xaa,0x52,0x81,0x50,0x44,0x02,0x52,0x14,0x11,0x31,
    0x13,0x08,0x80,0x99,0xbe,0xab,0xda,0xbb,0xaa,0xb9,0x0b,0x21,0x21,0x35,0x34,0x15,0x32,0x11,0x03,0xbd,
    0xa8,0xcc,0xbf,0x99,0xbc,0xbb,0xbb,0xda,0x28,0x04,0x3b,0x46,0x13,0x30,0x37,0x10,0x22,0x33,0x90,0x11,
    0xa8,0xeb,0xaa,0xdb,0x9b,0xcb,0x9a,0x99,0xa8,0x60,0x02,0x38,0x63,0x82,0x20,0x04,0xa8,0x0b,0xd8,0xbd,
    0xca,0xba,0xeb,0xba,0x99,0x09,0x32,0x2a,0x65,0x33,0x12,0x37,0x12,0x22,0x43,0x91,0x20,0xa0,0xcb,0x9c,
    0xcb,0xac,0xba,0x9b,0xaa,0x39,0x08,0x42,0x24,0x15,0x42,0x13,0x3a,0x92,0xaa,0xbf,0xb9,0xbf,0xba,0xbc,
    0xdb,0x98,0x88,0x13,0x3a,0x46,0x33,0x21,0x47,0x11,0x11,0x33,0x80,0x00,0x98,0xdb,0xab,0xdb,0xac,0xba,
    0x8b,0xb8,0x88,0x20,0x17,0x39,0x25,0x20,0x10,0x15,0xab,0x00,0xda,0xbd,0x8a,0xdc,0xaa,0xaa,0x99,0x58,
    0x90,0x50,0x24,0x83,0x63,0x14,0x11,0x41,0x02,0x88,0x81,0xa8,0xad,0xaa,0xdb,0xba,0xab,0x9a,0x0a,0x88,
    0x78,0x03,0x12,0x52,0x14,0x19,0x82,0x88,0xea,0xc9,0xbb,0xdb,0xbc,0xab,0xb9,0x2a,0x05,0x1a,0x46,0x23,
    0x30,0x37,0x21,0x11,0x43,0x90,0x00,0x98,0xdb,0x9b,0xea,0x9b,0xb9,0x9c,0x19,0x81,0x0c,0x16,0x01,0x10,
    0x35,0x98,0x10,0x01,0xca,0xcb,0xbb,0xeb,0xdb,0xaa,0xa9,0x08,0x83,0x28,0x55,0x24,0x21,0x36,0x22,0x21,
    0x34,0x90,0x10,0xa9,0xeb,0x9a,0xdb,0xab,0xaa,0x9c,0x0a,0x81,0x89,0x46,0x01,0x30,0x53,0x90,0x20,0x80,
    0xda,0x9c,0xda,0xab,0xdb,0xab,0x9a,0x28,0x81,0x48,0x46,0x14,0x30,0x35,0x22,0x21,0x24,0x88,0x80,0xa9,
    0xbd,0xba,0xcd,0x9b,0xb8,0xcb,0x28,0x93,0x1c,0x36,0x01,0x28,0x26,0x99,0x11,0xa0,0xad,0x99,0xdc,0x9b,
    0xc9,0xbb,0x08,0x04,0x99,0x44,0x34,0x02,0x54,0x13,0x22,0x31,0x02,0x08,0xb9,0xcc,0xbb,0xeb,0xbc,0x98,
    0xaa,0x9a,0x22,0x91,0x63,0x43,0x12,0x42,0x82,0x00,0x98,0xdc,0xac,0xca,0xbc,0xac,0xba,0x8b,0x42,0x80,
    0x58,0x45,0x03,0x41,0x24,0x22,0x20,0x03,0x08,0xa8,0xcc,0xbc,0xa9,0xcd,0x9a,0x88,0xb9,0x20,0x12,0x42,
    0x63,0x12,0x41,0x02,0x98,0x89,0xc9,0xbf,0xaa,0xcb,0xcc,0x9a,0x89,0x31,0x00,0x40,0x56,0x12,0x21,0x24,
    0x23,0x11,0x02,0x09,0xa8,0xcd,0xbc,0xa9,0xdb,0xaa,0x89,0x98,0x20,0x21,0x36,0x32,0x14,0x51,0x01,0x80,
    0xcb,0xb9,0xcc,0xcc,0x9c,0xba,0xaa,0x89,0x24,0x10,0x43,0x55,0x12,0x33,0x33,0x34,0x31,0x91,0x8a,0xb9,
    0xdd,0xac,0xaa,0xac,0xa9,0x99,0x88,0x42,0x02,0x44,0x42,0x03,0x21,0x82,0xa8,0xbd,0xcb,0xcd,0xca,0xbb,
    0xca,0x9a,0x30,0x22,0x28,0x55,0x34,0x23,0x24,0x33,0x43,0x02,0xa0,0x98,0xba,0xbe,0xad,0xbb,0x9a,0xaa,
    0xaa,0x29,0x35,0x32,0x33,0x44,0x33,0x24,0xaa,0xbb,0xcb,0xec,0xbc,0xcb,0xaa,0xab,0x8a,0x52,0x02,0x21,
    0x73,0x33,0x34,0x13,0x23,0x44,0x12,0x89,0xaa,0xaa,0xcb,0xdb,0xbc,0x8a,0x09,0xa9,0x28,0x23,0x35,0x24,
    0x82,0x28,0x81,0xa8,0xde,0xba,0xbb,0xd9,0xcb,0xbb,0x9a,0x8c,0x30,0x12,0x02,0x22,0x26,0x44,0x34,0x33,
    0x42,0x24,0x12,0x01,0x88,0xaa,0x9a,0xa9,0xda,0xcb,0x09,0x30,0x02,0x00,0x21,0x35,0x80,0xfa,0x09,0xc9,
    0xda,0xbb,0xda,0xac,0xaa,0xbc,0xab,0xaa,0xbe,0x08,0x10,0x98,0x09,0x10,0x74,0x34,0x32,0x43,0x34,0x33,
    0x14,0x02,0x01,0x22,0x81,0x90,0x88,0x98,0x18,0x00,0x21,0x01,0xaa,0xbe,0x23,0x74,0xe0,0xae,0xaa,0x81,
    0xfc,0x0c,0x00,0xda,0x88,0x98,0x91,0xff,0x08,0x00,0x98,0x01,0x00,0x21,0x02,0x32,0x53,0x43,0x42,0x22,
    0x32,0x11,0x80,0x20,0xc9,0x8c,0x99,0xbd,0x09,0x98,0x38,0x27,0xb9,0x0c,0x42,0xc0,0xbb,0x0e,0x30,0xfa,
    0x1c,0x91,0xad,0xa9,0xac,0x09,0xd8,0x1a,0x16,0x09,0x23,0x00,0x41,0x35,0x21,0x33,0x22,0x32,0x21,0x91,
    0xa9,0xed,0x8a,0xbb,0x99,0xb9,0xbd,0x20,0x90,0x31,0x12,0x90,0x48,0x92,0x3b,0xfd,0x9f,0x9a,0xad,0xa9,
    0xac,0xa9,0xba,0xaf,0x34,0x11,0x23,0x22,0x03,0x75,0x14,0x12,0x10,0x12,0x10,0x90,0x99,0xfc,0xa9,0xaa,
    0xe1,0x02,0x31,0x00,0x99,0xa0,0x8c,0x91,0x58,0x03,0x41,0x88,0x13,0x09,0xa4,0xbc,0xfb,0xba,0xad,0xa9,
    0xac,0xaa,0xbb,0x30,0x26,0x53,0x13,0x32,0x43,0x36,0x32,0x23,0x01,0x01,0x88,0xb9,0xdb,0xce,0xaa,0xaa,
    0x98,0xaa,0x88,0x09,0x41,0x35,0x02,0x32,0x12,0x98,0x99,0xfc,0xbc,0xcd,0xab,0xac,0xab,0x9b,0x8b,0x54,
    0x22,0x35,0x22,0x32,0x55,0x23,0x33,0x12,0x10,0x88,0xa0,0xcb,0xdd,0xbb,0xac,0x8a,0x98,0x9a,0x18,0x10,
    0x72,0x33,0x21,0x22,0x01,0x90,0xdb,0xcc,0xeb,0xbc,0xbb,0xbc,0xbb,0xaa,0x29,0x55,0x42,0x33,0x32,0x33,
    0x37,0x33,0x25,0x80,0x91,0x89,0xb9,0xab,0xbf,0xbb,0xad,0x89,0x09,0x81,0x28,0x08,0x47,0x20,0x14,0x18,
    0xa0,0x18,0xeb,0xa8,0xbd,0xca,0x9c,0xca,0x99,0xb9,0x20,0x34,0x36,0x33,0x32,0x41,0x25,0x33,0x33,0x00,
    0xa9,0xba,0xbc,0xeb,0xdb,0xca,0xaa,0x99,0x18,0x20,0x12,0x52,0x24,0x33,0x34,0x83,0x8a,0xc9,0xbc,0xcc,
    0xdb,0xac,0xca,0x9b,0xaa,0x9a,0x89,0x55,0x43,0x25,0x22,0x12,0x41,0x13,0x33,0x82,0xa8,0xcd,0xaa,0x9c,
    0xca,0xab,0xbc,0x8a,0x19,0x33,0x52,0x05,0x42,0x12,0x43,0x81,0x81,0xbc,0xda,0xab,0xdb,0xab,0xcc,0xaa,
    0x9b,0x98,0x1b,0x02,0x67,0x23,0x44,0x11,0x02,0x20,0x12,0x31,0x90,0xbb,0xcf,0xaa,0x9b,0xb9,0xbb,0xca,
    0x8a,0x21,0x45,0x43,0x33,0x43,0x12,0x32,0x91,0x9a,0xce,0xdb,0xab,0xcb,0xaa,0xbb,0xbb,0xaa,0x9a,0x18,
    0x61,0x44,0x47,0x32,0x14,0x11,0x80,0x10,0x00,0x21,0xca,0xcc,0xad,0xaa,0x89,0x99,0x09,0x9a,0x20,0x72,
    0x35,0x32,0x14,0x10,0x00,0x88,0xaa,0xf9,0xad,0xba,0xbb,0xa9,0x98,0xa9,0xa8,0xad,0x00,0x22,0x63,0x54,
    0x36,0x33,0x14,0x08,0xa9,0x09,0x98,0x81,0xcd,0xda,0xab,0x99,0x20,0x01,0x12,0x80,0x44,0x54,0x24,0x12,
    0x90,0x89,0xc9,0xac,0xba,0xbf,0x99,0x99,0x00,0x32,0x08,0x00,0xb9,0xbb,0x8b,0xad,0xbb,0x8d,0x77,0x27,
    0x12,0x80,0xb8,0x89,0x08,0x10,0xc8,0xdb,0xab,0x88,0x41,0x23,0x00,0x80,0x31,0x45,0x24,0x90,0xca,0xac,
    0x88,0x12,0xa9,0xfb,0x9d,0x88,0x32,0x32,0xa1,0xba,0xac,0xa9,0xaa,0xfb,0x9e,0x9a,0x20,0x67,0x24,0x12,
    0x80,0xaa,0x9b,0x98,0x09,0xca,0xac,0x8b,0x21,0x54,0x23,0x00,0x81,0x10,0x22,0x81,0xdc,0xcc,0x9a,0x08,
    0x22,0x11,0xb9,0x89,0x18,0x36,0x01,0xc9,0xcb,0xbc,0x98,0xdc,0xbb,0xad,0x89,0x50,0x35,0x57,0x12,0x01,
    0xa9,0xcb,0x8a,0x99,0x80,0xa9,0x89,0x38,0x63,0x34,0x12,0x00,0x99,0x99,0x99,0xd9,0xcb,0xbb,0x89,0x52,
    0x34,0x12,0x80,0xab,0x8a,0x10,0x08,0xda,0xbe,0xcb,0xbc,0xb9,0xbb,0x89,0x22,0x71,0x57,0x44,0x23,0x01,
    0xca,0xcb,0xab,0x98,0x10,0x80,0x80,0x00,0x44,0x34,0x23,0x88,0xca,0xab,0x9b,0x98,0xaa,0xc9,0x0a,0x63,
    0x44,0x33,0x80,0xcb,0xcb,0x9a,0x08,0x80,0xa9,0xfa,0xcb,0xaa,0xaa,0x08,0x21,0x43,0x57,0x54,0x15,0x12,
    0xa8,0xac,0xbc,0x89,0x08,0x11,0x00,0x80,0x21,0x43,0x35,0x01,0xa0,0xdb,0xab,0x9a,0x98,0x00,0x90,0x10,
    0x45,0x43,0x15,0x90,0xdb,0xab,0xbb,0x01,0x10,0x02,0xcb,0xcd,0xab,0xac,0x10,0x01,0x53,0x54,0x46,0x33,
    0x12,0xb8,0xbe,0xac,0x8a,0x10,0x22,0x11,0x90,0xa8,0x0a,0x34,0x73,0x12,0x80,0xdb,0xab,0xbb,0x30,0x21,
    0x33,0x00,0xa1,0x78,0x03,0x40,0xd8,0xbb,0xad,0x8a,0x18,0x14,0x80,0xb8,0xdf,0xaa,0x9a,0x10,0x53,0x63,
    0x45,0x12,0x12,0xb9,0xdb,0xac,0x9a,0x28,0x11,0x32,0x91,0x99,0x99,0x22,0x55,0x23,0x80,0xc9,0xbd,0x9a,
    0x09,0x32,0x23,0x01,0x98,0xba,0x50,0x15,0x12,0xa1,0xce,0x9c,0xa9,0x29,0x02,0x88,0xfb,0xbc,0xac,0x98,
    0x38,0x36,0x66,0x22,0x22,0xa1,0xbb,0xbe,0x9b,0x8a,0x13,0x41,0x02,0x99,0xa9,0x0a,0x42,0x36,0x23,0x01,
    0xeb,0xab,0xbb,0x29,0x31,0x33,0x00,0xe9,0x8b,0x11,0x73,0x15,0x01,0xb9,0xeb,0x9c,0x89,0x10,0x21,0x81,
    0xbb,0xcd,0xba,0x09,0x42,0x67,0x23,0x52,0xa1,0x99,0xcc,0x9a,0x0b,0x12,0x40,0x13,0x99,0xb8,0x9c,0x18,
    0x63,0x23,0x33,0xc0,0xac,0xdb,0x8a,0x00,0x32,0x32,0x83,0xbb,0xc8,0x0b,0x26,0x43,0x02,0xa9,0xde,0xaa,
    0xa9,0x20,0x12,0x22,0xa1,0xda,0xbb,0xaa,0x29,0x66,0x45,0x21,0x23,0xba,0xd9,0x9d,0x9a,0x18,0x11,0x43,
    0x81,0x88,0xca,0x8a,0x10,0x63,0x32,0x13,0xb9,0xdb,0xad,0x99,0x08,0x13,0x33,0x93,0x00,0xda,0x28,0x12,
    0x44,0x02,0xb9,0xce,0xbb,0x9c,0x18,0x10,0x24,0x80,0xa8,0xcb,0xaa,0x29,0x00,0x42,0x52,0x47,0x31,0x15,
    0x08,0xb1,0xac,0xcb,0x09,0x98,0x34,0x80,0x11,0xda,0x8b,0x99,0x41,0x34,0x34,0x00,0x81,0xbe,0x99,0xab,
    0x20,0x20,0x24,0x18,0xb8,0x9b,0x89,0x46,0x32,0x03,0xab,0xef,0xaa,0xab,0x08,0x10,0x14,0x08,0xb9,0xbd,
    0xab,0x9a,0x30,0x76,0x35,0x42,0x23,0x09,0xb8,0xaf,0xaa,0x89,0x00,0x43,0x01,0x01,0xc9,0x9b,0x99,0x30,
    0x37,0x33,0x03,0xa0,0xbe,0xcb,0xbb,0x08,0x20,0x43,0x33,0x00,0x98,0xbb,0x38,0x64,0x53,0x32,0xa8,0xbc,
    0xce,0xab,0xa9,0x18,0x32,0x22,0x01,0xc9,0xbc,0xba,0xaa,0x20,0x52,0x67,0x32,0x42,0x12,0x88,0xb9,0xbd,
    0xab,0x99,0x10,0x32,0x12,0x03,0xdb,0xbb,0xaa,0x60,0x44,0x43,0x22,0x90,0xcc,0xca,0xbb,0x09,0x20,0x34,
    0x33,0x01,0xaa,0xea,0x9a,0x01,0x40,0x23,0x10,0xea,0xcb,0xad,0x89,0x18,0x23,0x22,0x80,0xc9,0xbc,0xab,
    0x8a,0x30,0x46,0x43,0x34,0x23,0x82,0x00,0xdb,0x89,0x8a,0x08,0x53,0x81,0x10,0xca,0x9b,0x9a,0x8a,0x62,
    0x12,0x41,0x81,0xba,0xba,0xaf,0x0a,0x08,0x20,0x34,0x53,0x32,0x26,0x10,0x92,0xdb,0xcc,0xcb,0xab,0x98,
    0x10,0x24,0x32,0x90,0xdb,0xbe,0xcb,0x9a,0x18,0x32,0x34,0x01,0xb9,0xbc,0x8a,0x75,0x34,0x35,0x13,0x01,
    0xa9,0xbb,0xaa,0x0a,0x10,0x11,0xa9,0xcc,0xbd,0x9a,0x18,0x53,0x44,0x23,0x23,0x81,0xaa,0xfb,0xbb,0xbb,
    0xab,0xab,0x99,0xbb,0xab,0xac,0x20,0x46,0x34,0x34,0x82,0x88,0xfb,0xab,0xbb,0xaa,0x89,0x00,0x30,0x46,
    0x34,0x53,0x22,0x00,0xb9,0xcc,0xba,0x9a,0x20,0x33,0x14,0x03,0xa8,0xab,0x8b,0x72,0x25,0x34,0x13,0xa0,
    0xeb,0xcb,0x9b,0x09,0x23,0x54,0x12,0x11,0x80,0x88,0x00,0x22,0x22,0xa1,0xeb,0xbb,0xaf,0xab,0xaa,0x8a,
    0x20,0x44,0x43,0x14,0x60,0x00,0x0e,0x00,0x81,0xb9,0xcb,0xaa,0x88,0x41,0x12,0x24,0x00,0x99,0xb9,0x9b,
    0x99,0x89,0x9d,0xba,0x9b,0x09,0x98,0x00,0xda,0x0b,0xdb,0x08,0x89,0x01,0x11,0x03,0x11,0x12,0x08,0xa9,
    0xaa,0x8b,0x98,0x08,0x01,0x42,0x20,0x44,0x01,0x10,0xa8,0xb9,0xac,0xbb,0x21,0x12,0x41,0x11,0x10,0x80,
    0xb9,0x80,0x19,0x01,0x31,0x00,0x10,0x88,0x98,0x98,0x09,0x01,0x11,0x91,0x80,0x88,0x18,0x01,0x20,0x00,
    0x99,0x0a,0x88,0x89,0x00,0x80,0x80,0x98,0x80,0x09,0x10,0x10,0x00,0x11,0x09,0x80,0xa8,0x18,0x00,0x32,
    0x12,0x98,0x99,0xb9,0x98,0x09,0x10,0x10,0x11,0x01,0x00,0x89,0x09,0x80,0x00,0x01,0x08,0x90,0x99,0xa8,
    0x98,0x09,0x10,0x81,0x00,0x81,0x80,0x10,0x00,0x00,0x00,0x00,0x99,0x08,0x00,0x00,0x81,0x99,0x10,0x00,
    0x01,0x01,0x00,0x00,0x80,0x89,0x80,0x88,0x08,0x01,0x80,0x08,0x00,0x88,0x08,0x80,0x88,0x00,0x00,0x00,
    0x00,0x80,0x90,0x00,0x00,0x08,0x10,0x88,0x00,0x00,0x00,0x00,0x00,0x00,0x00,0x00,0x88,0x09,0x00,0x00,
    0x01,0x00,0x00,0x11,0x88,0x89,0x98,0x08,0x80,0x00,0x00,0x00,0x80,0x88,0x88,0x98,0x10,0x80,0x19,0x80,
    0x09,0x10,0x00,0x80,0x80,0x88,0x88,0x00,0x00,0x00,0x80,0x08,0x09,0x00,0x10,0x00,0x08,0x80,0x00,0x00,
    0x00,0x00,0x00,0x00,0x00,0x00,0x00,0x00,0x00,0x08,0x00,0x88,0x88,0x88,0x00,0x90,0x00,0x00,0x00,0x01,
    0x00,0x00,0x00,0x00,0x88,0x00,0x00,0x80,0x00,0x08,0x00,0x00,0x00,0x08,0x00,0x80,0x08,0x00,0x00,0x00,
    0x00,0x00,0x08,0x00,0x00,0x00,0x98,0x01,0x08,0x00,0x80,0x00,0x00,0x00,0x80,0x00,0x00,0x80,0x08,0x00,
    0x08,0x98,0x10,0x00,0x08,0x80,0x00,0x00,0x08,0x08,0x88,0x88,0x88,0x88,0x00,0x80,0x00,0x80,0x00,0x00,
    0x00,0x00,0x00,0x00,0x80,0x90,0x10,0x00,0x88,0x80,0x00,0x80,0x00,0x89,0x10,0x88,0x88,0x08,0x88,0x88,
    0x09,0x10,0x09,0x81,0x89,0x00,0x10,
};
enum { SEARCH_YUE_SAMPLES=23090, SEARCH_YUE_BLOCK=1024 };
_Static_assert(sizeof(search_zh)+sizeof(search_yue)<=24u*1024u,"Search progress asset budget");
